sample_id,date,prec_Ca,prec_Ca_pct05,prec_Ca_pct25,prec_Ca_pct75,prec_Ca_pct95,prec_Mg,prec_Mg_pct05,prec_Mg_pct25,prec_Mg_pct75,prec_Mg_pct95,prec_Na,prec_Na_pct05,prec_Na_pct25,prec_Na_pct75,prec_Na_pct95,prec_Cl,prec_Cl_pct05,prec_Cl_pct25,prec_Cl_pct75,prec_Cl_pct95,bslt_Ca,bslt_Ca_pct05,bslt_Ca_pct25,bslt_Ca_pct75,bslt_Ca_pct95,bslt_Mg,bslt_Mg_pct05,bslt_Mg_pct25,bslt_Mg_pct75,bslt_Mg_pct95,bslt_Na,bslt_Na_pct05,bslt_Na_pct25,bslt_Na_pct75,bslt_Na_pct95,bslt_Cl,bslt_Cl_pct05,bslt_Cl_pct25,bslt_Cl_pct75,bslt_Cl_pct95,carb_Ca,carb_Ca_pct05,carb_Ca_pct25,carb_Ca_pct75,carb_Ca_pct95,carb_Mg,carb_Mg_pct05,carb_Mg_pct25,carb_Mg_pct75,carb_Mg_pct95,carb_Na,carb_Na_pct05,carb_Na_pct25,carb_Na_pct75,carb_Na_pct95,carb_Cl,carb_Cl_pct05,carb_Cl_pct25,carb_Cl_pct75,carb_Cl_pct95,flsc_Ca,flsc_Ca_pct05,flsc_Ca_pct25,flsc_Ca_pct75,flsc_Ca_pct95,flsc_Mg,flsc_Mg_pct05,flsc_Mg_pct25,flsc_Mg_pct75,flsc_Mg_pct95,flsc_Na,flsc_Na_pct05,flsc_Na_pct25,flsc_Na_pct75,flsc_Na_pct95,flsc_Cl,flsc_Cl_pct05,flsc_Cl_pct25,flsc_Cl_pct75,flsc_Cl_pct95,umfc_Ca,umfc_Ca_pct05,umfc_Ca_pct25,umfc_Ca_pct75,umfc_Ca_pct95,umfc_Mg,umfc_Mg_pct05,umfc_Mg_pct25,umfc_Mg_pct75,umfc_Mg_pct95,umfc_Na,umfc_Na_pct05,umfc_Na_pct25,umfc_Na_pct75,umfc_Na_pct95,umfc_Cl,umfc_Cl_pct05,umfc_Cl_pct25,umfc_Cl_pct75,umfc_Cl_pct95
lawis_river_schopka,NaN,0.383464804,0.271530362,0.322412739,0.486744079,0.590156433,0.121592368,0.068301466,0.093339584,0.151782138,0.178846277,0.491288818,0.272804064,0.395488572,0.558342891,0.630754996,0.661213418,0.379881705,0.530989856,0.864283332,0.968387702,0.461604838,0.341298719,0.396214927,0.528631044,0.570319482,0.419300792,0.246059704,0.355559889,0.483026439,0.598943256,0.12242158,0.019585335,0.059589184,0.181747217,0.224871329,0,0,0,0,0,0.93950424,0.927747874,0.933063477,0.945129952,0.949947908,0.06049576,0.050052092,0.054870048,0.066936523,0.072252126,0,0,0,0,0,0,0,0,0,0,0.243580529,0.040977172,0.118073977,0.376142906,0.538860724,0.159113336,0.05072456,0.099053186,0.22676664,0.268793195,0.599560524,0.287722231,0.453909304,0.702540282,0.845155086,0,0,0,0,0,0.024926304,0.005079952,0.01304891,0.039050607,0.055485924,0.9702661,0.939284216,0.95719257,0.982748469,0.991046482,0.004562827,0.000555591,0.002520222,0.006657954,0.008305827,0,0,0,0,0
bulsa_river_ds_schopka,NaN,0.435790239,0.276476908,0.344435437,0.533285293,0.597884691,0.124901461,0.0697308,0.096121477,0.156023514,0.177697245,0.43961103,0.26069042,0.348181125,0.526313284,0.616626787,0.678400369,0.391183857,0.528462777,0.829286116,0.963395919,0.462744414,0.346394078,0.39719452,0.520574329,0.573017644,0.429610234,0.259601802,0.352846211,0.486624282,0.581771902,0.117113651,0.014122634,0.064001693,0.177736366,0.223468615,0,0,0,0,0,0.938024054,0.92770593,0.932502177,0.944260917,0.949600702,0.061975946,0.050399298,0.055739083,0.067497823,0.07229407,0,0,0,0,0,0,0,0,0,0,0.273651909,0.046381034,0.158811455,0.411884492,0.516138869,0.15326203,0.053328395,0.098523032,0.207014536,0.263554829,0.547528855,0.314096491,0.433509109,0.687817504,0.837691599,0,0,0,0,0,0.115517578,0.010296928,0.0517969,0.191548224,0.246825355,0.880315071,0.748882875,0.804116267,0.944197081,0.985133472,0.004207982,0.000643373,0.002238087,0.006550092,0.008349645,0,0,0,0,0
camiling_river_us_schopka,NaN,0.436443855,0.279323385,0.350501538,0.516675362,0.600304367,0.1252343,0.073425375,0.100506883,0.154820754,0.178399542,0.44031939,0.260331191,0.354678361,0.521382374,0.601237533,0.700680853,0.386244628,0.560909556,0.833766386,0.971894741,0.450892205,0.344244313,0.3967891,0.51847043,0.572321198,0.418967042,0.253726379,0.354795741,0.488629274,0.58048296,0.131179544,0.021255216,0.065881437,0.180744058,0.227391319,0,0,0,0,0,0.938587086,0.927398425,0.932746463,0.945189002,0.949568707,0.061412914,0.050431293,0.054810998,0.067253537,0.072601575,0,0,0,0,0,0,0,0,0,0,0.285339968,0.0458243,0.139278605,0.448411973,0.560293955,0.154311361,0.058470225,0.097660011,0.211679426,0.268093427,0.552822284,0.276815667,0.397527881,0.690243154,0.806955275,0,0,0,0,0,0.123918967,0.016820059,0.062119403,0.191513638,0.245739532,0.87242494,0.749944194,0.802792403,0.933958167,0.977482583,0.004337173,0.000513405,0.002253828,0.006308701,0.008240654,0,0,0,0,0
malabobo_river_schopka,NaN,0.437873004,0.278301308,0.345662318,0.516790521,0.602620266,0.123574096,0.06807674,0.089335297,0.152216235,0.177962667,0.437724147,0.268833314,0.357347663,0.524253578,0.609458335,0.652874762,0.372745515,0.493163707,0.840825939,0.971247434,0.45040994,0.343412911,0.38497488,0.525347116,0.572474026,0.426086382,0.245990179,0.355638051,0.490174844,0.581911984,0.125448731,0.019032478,0.072931316,0.179684181,0.228158822,0,0,0,0,0,0.940057009,0.928161318,0.933840663,0.945563722,0.950315129,0.059942991,0.049684871,0.054436278,0.066159337,0.071838682,0,0,0,0,0,0,0,0,0,0,0.327947922,0.051861033,0.16595412,0.46085358,0.569785946,0.157873343,0.057261922,0.106263512,0.215057359,0.267274871,0.530179571,0.239070251,0.379420839,0.669860663,0.79471646,0,0,0,0,0,0.128517937,0.017702659,0.063853947,0.182702013,0.24314621,0.868046067,0.750560836,0.812588293,0.931451371,0.977166339,0.004169634,0.000502016,0.00216008,0.006140969,0.008132857,0,0,0,0,0
dumoloc_river_schopka,NaN,0.44168539,0.280401353,0.342816499,0.535366141,0.608107769,0.123645571,0.068628682,0.094078267,0.151142095,0.178655341,0.437424879,0.260148122,0.350002623,0.526502475,0.614080205,0.665042531,0.372610038,0.500733463,0.827217615,0.970950847,0.461643397,0.35005848,0.404729185,0.520529108,0.571741042,0.419779457,0.262190582,0.344195884,0.494634358,0.57687012,0.117109085,0.021081265,0.063658817,0.174029954,0.222944393,0,0,0,0,0,0.939908211,0.927939442,0.933332216,0.945710611,0.950104372,0.060091789,0.049895628,0.054289389,0.066667784,0.072060558,0,0,0,0,0,0,0,0,0,0,0.284355131,0.058950904,0.151971515,0.444776989,0.566279797,0.159192609,0.056504483,0.096760123,0.224393925,0.270925035,0.539905415,0.257256669,0.37936342,0.688064096,0.832445133,0,0,0,0,0,0.120007836,0.012700192,0.055308656,0.187950539,0.246981904,0.875399464,0.74740427,0.807319747,0.938650123,0.981359864,0.004337822,0.000360277,0.002015329,0.006798938,0.00833431,0,0,0,0,0
malabobo_river_schopka,NaN,0.458144145,0.286708718,0.358593913,0.550935936,0.610383484,0.124907446,0.068129437,0.096613553,0.1580022,0.179279884,0.41078935,0.253891813,0.31866939,0.519842601,0.604882702,0.650168439,0.37248726,0.507390888,0.81972599,0.954360639,0.456695258,0.343228468,0.39061003,0.512440043,0.571180532,0.420718332,0.259570497,0.362071684,0.492749612,0.585973856,0.118878483,0.015602044,0.06229873,0.178469175,0.227130437,0,0,0,0,0,0.93922047,0.927916941,0.932644902,0.94553634,0.950260754,0.06077953,0.049739246,0.05446366,0.067355098,0.072083059,0,0,0,0,0,0,0,0,0,0,0.320965572,0.056515378,0.174603827,0.46500075,0.570415632,0.157217672,0.052486425,0.098578592,0.220712557,0.270986956,0.511981367,0.247252351,0.38201044,0.672210664,0.811178638,0,0,0,0,0,0.128655594,0.015689291,0.06534553,0.191262684,0.246642571,0.864280826,0.746994647,0.805311754,0.930810619,0.979012073,0.004681242,0.000509296,0.002496543,0.006616662,0.008384658,0,0,0,0,0
malabobo_river_schopka,NaN,0.432115761,0.282567846,0.350228933,0.511595381,0.594008042,0.12616001,0.070963537,0.095376853,0.152848339,0.178525906,0.444078267,0.274389666,0.349790526,0.523137243,0.612826293,0.676460557,0.376967058,0.521360045,0.838957851,0.980403228,0.46676205,0.349488433,0.400027978,0.531688728,0.571893531,0.416831951,0.241684478,0.344141512,0.486465393,0.577460439,0.120266586,0.020113399,0.062496203,0.184965803,0.224962268,0,0,0,0,0,0.939098212,0.927925662,0.932931113,0.945387744,0.94996742,0.060901788,0.05003258,0.054612256,0.067068887,0.072074338,0,0,0,0,0,0,0,0,0,0,0.302790439,0.041305455,0.15534057,0.452037397,0.565972154,0.164914562,0.056464041,0.106930684,0.222380968,0.270485586,0.519076187,0.239986003,0.382656513,0.679781915,0.839465663,0,0,0,0,0,0.127292114,0.013946533,0.062887273,0.189536653,0.244575487,0.868015551,0.750524577,0.805464413,0.93245448,0.982206881,0.004029347,0.000289315,0.002182447,0.006176978,0.00829561,0,0,0,0,0
lawis_river_schopka,NaN,0.363803783,0.269301947,0.306968737,0.448367788,0.583116834,0.119362293,0.068609903,0.093742925,0.152792747,0.178880468,0.509333799,0.298438996,0.425847293,0.571179216,0.627497264,0.730102217,0.434494788,0.589606923,0.872720204,0.971451584,0.462428778,0.345267462,0.394777774,0.523509088,0.57449149,0.415859302,0.259866976,0.34004715,0.486209249,0.576554272,0.1295823,0.019891981,0.066804848,0.17822447,0.222745827,0,0,0,0,0,0.938898857,0.928139288,0.932756121,0.945242811,0.949993665,0.061101143,0.050006335,0.054757189,0.067243879,0.071860712,0,0,0,0,0,0,0,0,0,0,0.218673252,0.034527217,0.103941296,0.336953188,0.512955889,0.142827158,0.049727393,0.087154252,0.213220078,0.267957241,0.63814774,0.325640297,0.504092917,0.733470848,0.863657054,0,0,0,0,0,0.014490012,0.004097643,0.008607029,0.023254003,0.034541437,0.981019977,0.96072995,0.972076427,0.986564195,0.992487659,0.004321052,0.000464031,0.002350592,0.00639119,0.008183638,0,0,0,0,0
lawis_river_schopka,NaN,0.386597069,0.271516226,0.317010387,0.488834296,0.587786701,0.120404245,0.069710743,0.091773244,0.148620017,0.177049314,0.483164639,0.278457216,0.382927209,0.55831118,0.627193052,0.701791531,0.389370231,0.534471933,0.845046292,0.983062777,0.471450019,0.348802677,0.39985943,0.526335217,0.570351479,0.421758979,0.258975507,0.349317302,0.489844664,0.593842437,0.109242231,0.013780699,0.05412971,0.169670543,0.2230979,0,0,0,0,0,0.938118812,0.927702578,0.93273519,0.944927395,0.949951414,0.061881188,0.050048586,0.055072605,0.06726481,0.072297422,0,0,0,0,0,0,0,0,0,0,0.214878421,0.042962146,0.114027201,0.364304209,0.514642042,0.157481222,0.051285871,0.106733909,0.212618781,0.267170405,0.635092337,0.311867985,0.478949178,0.718732778,0.830914066,0,0,0,0,0,0.013062001,0.003827767,0.007198576,0.019949129,0.029517197,0.982150148,0.96449375,0.974797476,0.987510194,0.99291548,0.005104361,0.000484655,0.002853691,0.006974305,0.008367239,0,0,0,0,0
bulsa_river_ds_zam22,NaN,0.429745921,0.274145099,0.350097286,0.521144926,0.602314003,0.123591988,0.068133603,0.093731223,0.155173932,0.177926448,0.440843444,0.270323718,0.346962568,0.525436375,0.624600881,0.655333022,0.369299157,0.510807959,0.8257671,0.973089771,0.462886455,0.345679016,0.398607455,0.52418066,0.572693469,0.414881951,0.235954777,0.340330866,0.476766252,0.58069706,0.130046477,0.01447469,0.065920091,0.190473623,0.228058763,0,0,0,0,0,0.938636833,0.928276424,0.932597755,0.944928573,0.950046746,0.061363167,0.049953254,0.055071427,0.067402245,0.071723576,0,0,0,0,0,0,0,0,0,0,0.287209268,0.052122583,0.150733915,0.417291812,0.541811243,0.147490401,0.055033051,0.092360117,0.216112103,0.264443213,0.54706151,0.324558293,0.420324962,0.684097869,0.834516207,0,0,0,0,0,0.124516188,0.012366494,0.057124179,0.189517371,0.24997425,0.873226916,0.747865827,0.807361948,0.93919486,0.980874369,0.003934205,0.000409988,0.002001881,0.006296364,0.008211828,0,0,0,0,0
bulsa_river_us_zam22,NaN,0.453301205,0.2826098,0.355388135,0.530000646,0.605533158,0.117527032,0.066967778,0.092109262,0.150585369,0.177269288,0.426393723,0.256764416,0.350036269,0.517277021,0.612526069,0.642389994,0.382962655,0.498066326,0.804386684,0.963098323,0.461308048,0.348430718,0.405214241,0.52115185,0.570290616,0.410310903,0.256601067,0.348754394,0.483081147,0.582685478,0.126099829,0.02004024,0.066260498,0.176748182,0.226561808,0,0,0,0,0,0.939308899,0.928421466,0.933063119,0.944574114,0.949706796,0.060691101,0.050293204,0.055425886,0.066936881,0.071578534,0,0,0,0,0,0,0,0,0,0,0.259307352,0.054452757,0.133385574,0.414025301,0.536698022,0.154327586,0.05600814,0.098178964,0.215617489,0.264663332,0.582572941,0.311656178,0.417563743,0.713137966,0.831303294,0,0,0,0,0,0.122188524,0.01568758,0.062187378,0.186709796,0.246280388,0.872792872,0.750004039,0.809219301,0.933587242,0.981166106,0.004585269,0.000597452,0.002333501,0.006828769,0.008476254,0,0,0,0,0
camiling_river_ds_zam22, ,0.44637403,0.275244597,0.359653922,0.547774579,0.605750651,0.123626691,0.069481989,0.099535862,0.153860564,0.179802347,0.422172478,0.259450423,0.337401498,0.519528756,0.597290696,0.63963696,0.372937259,0.501654422,0.818579361,0.956611625,0.454652312,0.34824426,0.393650085,0.518445923,0.569407597,0.420477917,0.261522382,0.349952943,0.491827879,0.587322718,0.119603871,0.017824302,0.06169385,0.180632198,0.226567436,0,0,0,0,0,0.938896016,0.928301793,0.932760417,0.945040676,0.950398427,0.061103984,0.049601573,0.054959324,0.067239583,0.071698207,0,0,0,0,0,0,0,0,0,0,0.331722258,0.05055712,0.175199476,0.443791581,0.558046311,0.16510269,0.051928197,0.099856167,0.219552113,0.270901819,0.524801698,0.265200387,0.389040939,0.674453408,0.810630289,0,0,0,0,0,0.134986779,0.016336158,0.065745227,0.198020561,0.249897737,0.859574915,0.746212378,0.796510118,0.93072029,0.980545228,0.004210731,0.00043448,0.002165467,0.006364818,0.00817128,0,0,0,0,0
malabobo_river_zam22,NaN,0.433576045,0.280374331,0.345071649,0.528862399,0.598919782,0.12444019,0.069091504,0.094410001,0.154446791,0.178984228,0.439322152,0.265238229,0.351299197,0.527813868,0.61259574,0.655226595,0.37748905,0.494823171,0.835481114,0.978432673,0.459476372,0.34546442,0.39835483,0.526542724,0.572300015,0.417827133,0.241800493,0.348981726,0.490636342,0.581035391,0.121910882,0.02120505,0.068418683,0.17982871,0.225589004,0,0,0,0,0,0.936840307,0.927817003,0.931531957,0.944403911,0.949737409,0.063159693,0.050262591,0.055596089,0.068468043,0.072182997,0,0,0,0,0,0,0,0,0,0,0.310001038,0.047758392,0.179059877,0.437555797,0.55037874,0.149945009,0.054116176,0.095212534,0.214471521,0.268115595,0.535970085,0.2686512,0.409809963,0.666249804,0.810650607,0,0,0,0,0,0.129974768,0.012344431,0.069890614,0.197184009,0.241964634,0.863537433,0.752129265,0.797607492,0.927721855,0.983674086,0.004402695,0.000501679,0.002051234,0.006354242,0.008110385,0,0,0,0,0
bayaoas_river_zam22,NaN,0.443078516,0.277685608,0.350134738,0.531653362,0.600526463,0.124984327,0.067727091,0.094838367,0.156556465,0.178235366,0.43656298,0.254742291,0.339929505,0.525467022,0.607545599,0.660012737,0.371752102,0.524808484,0.826910376,0.975429051,0.460731748,0.346008957,0.397229819,0.525118202,0.570254754,0.419009113,0.263469952,0.346645938,0.488471575,0.584938617,0.121166444,0.016300143,0.069066157,0.173285471,0.219444045,0,0,0,0,0,0.938922983,0.927716233,0.933346068,0.945182287,0.950045096,0.061077017,0.049954904,0.054817713,0.066653932,0.072283767,0,0,0,0,0,0,0,0,0,0,0.308144482,0.058499867,0.181209938,0.457951609,0.561034334,0.16572026,0.055062611,0.101775038,0.220266104,0.265703532,0.508542226,0.238221996,0.384607461,0.6725788,0.803956631,0,0,0,0,0,0.126342367,0.017531381,0.061043575,0.195687906,0.247851382,0.869521822,0.747617015,0.800442907,0.934955702,0.978844393,0.004552858,0.00038126,0.0023911,0.006864533,0.008352525,0,0,0,0,0
dumoloc_river_zam22,NaN,0.447959965,0.27943415,0.357842772,0.528383246,0.60304803,0.123221081,0.068336669,0.093555851,0.154566565,0.177941381,0.423820712,0.267267313,0.338804724,0.519257706,0.607580915,0.667125513,0.366834052,0.500767218,0.855359881,0.962386776,0.449406364,0.346320725,0.390745535,0.518572735,0.568344008,0.416339646,0.244480418,0.34923321,0.481725442,0.583352197,0.133085797,0.020708709,0.068508916,0.19484921,0.230812277,0,0,0,0,0,0.939358374,0.92844087,0.933300204,0.945462865,0.949713803,0.060641626,0.050286197,0.054537135,0.066699796,0.07155913,0,0,0,0,0,0,0,0,0,0,0.294340776,0.046716116,0.143823015,0.452427697,0.56703953,0.178482145,0.054150479,0.105659662,0.226286542,0.274036376,0.540614011,0.268593771,0.386970325,0.66781573,0.82296353,0,0,0,0,0,0.131822097,0.017745024,0.075331077,0.189409075,0.247703082,0.863071824,0.749789214,0.806746772,0.920259828,0.977561124,0.00413626,0.000319213,0.001902592,0.006371671,0.008287465,0,0,0,0,0
mapita_river_zam22,NaN,0.439448755,0.281282934,0.356879145,0.527740845,0.607559894,0.128543222,0.070140971,0.097171027,0.15526978,0.177360871,0.437101986,0.259846479,0.344813709,0.515462337,0.599857992,0.69360075,0.366861864,0.52214034,0.835199561,0.965457199,0.461306868,0.34680402,0.399747186,0.528258379,0.57218401,0.422493718,0.250338656,0.353052628,0.484371261,0.584647839,0.118788347,0.016363043,0.063690017,0.173763236,0.2251326,0,0,0,0,0,0.938863663,0.927975484,0.933115448,0.945347781,0.94987593,0.061136337,0.05012407,0.054652219,0.066884552,0.072024516,0,0,0,0,0,0,0,0,0,0,0.337434766,0.060904694,0.178573308,0.461857278,0.580209145,0.17000419,0.05131578,0.107925968,0.224360476,0.267231584,0.515759732,0.227253216,0.357975852,0.653381096,0.795716068,0,0,0,0,0,0.118665006,0.014398509,0.057179623,0.197289029,0.246772275,0.877483705,0.748791112,0.799390712,0.938450452,0.980843525,0.004223072,0.000436041,0.002087367,0.006446118,0.008340897,0,0,0,0,0
pmb1_zam22,NaN,0.453081741,0.28124695,0.35516642,0.539743826,0.600807467,0.122449635,0.070446969,0.092615518,0.155483056,0.177604062,0.422089332,0.256795832,0.341348179,0.515807916,0.598213412,0.683773486,0.373632759,0.517051068,0.849475817,0.964803432,0.458469855,0.347193763,0.403831898,0.519606201,0.566818255,0.420642011,0.253179233,0.35132186,0.476900867,0.581620537,0.12260871,0.01703639,0.058427187,0.186005966,0.226622374,0,0,0,0,0,0.938639758,0.927842427,0.932485488,0.944358953,0.949512653,0.061360242,0.050487347,0.055641047,0.067514512,0.072157573,0,0,0,0,0,0,0,0,0,0,0.306951193,0.051491339,0.166348433,0.449293751,0.578594738,0.161025005,0.054460394,0.10000939,0.216354209,0.267786701,0.540260596,0.23070311,0.394890501,0.670522859,0.809416332,0,0,0,0,0,0.143873223,0.015020796,0.068542063,0.201761398,0.250003932,0.851990044,0.747102229,0.792207556,0.927747181,0.979519291,0.004538845,0.000542964,0.002546668,0.006528047,0.008150085,0,0,0,0,0
pmb2_zam22,NaN,0.439117804,0.279189737,0.349936007,0.531096379,0.605994111,0.122010419,0.067316204,0.093403283,0.153100386,0.17961007,0.440429276,0.268133597,0.34519301,0.512821979,0.613193112,0.688924715,0.374110531,0.506089331,0.843244662,0.972872589,0.451260877,0.347864165,0.389357051,0.521872424,0.571205013,0.421526882,0.256630268,0.35349764,0.491213847,0.586873742,0.122768824,0.020192259,0.062767354,0.18303522,0.222306803,0,0,0,0,0,0.93855856,0.927939945,0.932608586,0.945476122,0.950249022,0.06144144,0.049750978,0.054523878,0.067391414,0.072060055,0,0,0,0,0,0,0,0,0,0,0.295427097,0.04709081,0.155998682,0.455409435,0.57292758,0.162723685,0.055489271,0.105866044,0.219244453,0.268815813,0.536667795,0.230386154,0.394842644,0.678150414,0.819839329,0,0,0,0,0,0.13467189,0.02014119,0.072007712,0.190608858,0.243863917,0.86081436,0.751524207,0.803807649,0.923707834,0.976098543,0.004379617,0.000397544,0.002034915,0.006553193,0.008290094,0,0,0,0,0
pmb4_zam22,NaN,0.444768397,0.284714816,0.349767471,0.527821458,0.60699333,0.121965461,0.06951352,0.09102588,0.152207923,0.178198183,0.430641485,0.271162482,0.348215021,0.522414895,0.610506974,0.662792414,0.388629163,0.51788351,0.841151294,0.968367066,0.452460347,0.347890542,0.391652254,0.517004351,0.56970318,0.425823265,0.261009279,0.353303887,0.492192496,0.577276654,0.121349591,0.017434379,0.062217102,0.17650314,0.223047361,0,0,0,0,0,0.938288293,0.927959777,0.932537573,0.944838681,0.949919696,0.061711707,0.050080304,0.055161319,0.067462427,0.072040223,0,0,0,0,0,0,0,0,0,0,0.30917896,0.045520769,0.152806612,0.448035613,0.562478456,0.170700302,0.055457114,0.111090875,0.232539564,0.271588833,0.527682667,0.226071724,0.377798126,0.677338968,0.821404456,0,0,0,0,0,0.148556258,0.014693933,0.071225466,0.202375721,0.244079886,0.847426737,0.75135872,0.795511077,0.926296101,0.981756944,0.004450288,0.000505085,0.002313949,0.006616002,0.008331202,0,0,0,0,0
pmb3_zam22,NaN,0.425347733,0.280142188,0.347187862,0.524915928,0.602447931,0.122527966,0.069328044,0.093865218,0.156671917,0.17729184,0.446805605,0.253761953,0.354799206,0.533181155,0.615878358,0.683951621,0.382374847,0.506236501,0.851143837,0.976979275,0.454719527,0.340744318,0.3929442,0.52457741,0.571929083,0.422874464,0.243204505,0.352953941,0.496449326,0.590498211,0.126749747,0.013918408,0.058414815,0.174119597,0.225103564,0,0,0,0,0,0.938796066,0.927449083,0.933075861,0.944501696,0.949485363,0.061203934,0.050514637,0.055498304,0.066924139,0.072550917,0,0,0,0,0,0,0,0,0,0,0.313369083,0.05067527,0.177419782,0.475668127,0.570968516,0.153642099,0.052275482,0.094624684,0.212530742,0.264336765,0.535423411,0.250118164,0.375662994,0.666713666,0.837917979,0,0,0,0,0,0.145887242,0.018910397,0.075263929,0.20664566,0.252066379,0.851230009,0.74443802,0.78974905,0.918461195,0.976620436,0.003915749,0.000328199,0.001953412,0.006294305,0.008272675,0,0,0,0,0
sc7_zam22,NaN,NaN,NaN,NaN,NaN,NaN,NaN,NaN,NaN,NaN,NaN,NaN,NaN,NaN,NaN,NaN,NaN,NaN,NaN,NaN,NaN,NaN,NaN,NaN,NaN,NaN,NaN,NaN,NaN,NaN,NaN,NaN,NaN,NaN,NaN,NaN,NaN,NaN,NaN,NaN,NaN,NaN,NaN,NaN,NaN,NaN,NaN,NaN,NaN,NaN,NaN,NaN,NaN,NaN,NaN,NaN,NaN,NaN,NaN,NaN,NaN,NaN,NaN,NaN,NaN,NaN,NaN,NaN,NaN,NaN,NaN,NaN,NaN,NaN,NaN,NaN,NaN,NaN,NaN,NaN,NaN,NaN,NaN,NaN,NaN,NaN,NaN,NaN,NaN,NaN,NaN,NaN,NaN,NaN,NaN,NaN,NaN,NaN,NaN,NaN,NaN
lawis_river_zam22,NaN,0.432931013,0.274029102,0.344103387,0.529041523,0.605884621,0.128069525,0.067987306,0.095966379,0.154831262,0.179318299,0.431820829,0.261609214,0.343733451,0.540342262,0.615120605,0.660770906,0.367611094,0.488086593,0.836021696,0.954057714,0.455751287,0.34508965,0.389082816,0.526382713,0.572361956,0.413866677,0.239879741,0.347025111,0.483347812,0.596089357,0.122921697,0.018751446,0.06803564,0.188522329,0.229425672,0,0,0,0,0,0.938506781,0.928046706,0.932999645,0.944681471,0.949941424,0.061493219,0.050058576,0.055318529,0.067000355,0.071953294,0,0,0,0,0,0,0,0,0,0,0.279340174,0.047549419,0.156088821,0.412575316,0.545844865,0.153422363,0.052351677,0.101262146,0.214802031,0.265927433,0.566349646,0.279402885,0.423446542,0.682383406,0.82388606,0,0,0,0,0,0.08623773,0.009697354,0.038932481,0.134809568,0.183091913,0.908676842,0.815031626,0.862056742,0.957040731,0.986619269,0.004390768,0.000539659,0.002455487,0.006443535,0.008210391,0,0,0,0,0
masinloc_river_zam22,NaN,0.421194545,0.278728278,0.334721028,0.524392597,0.605011271,0.11921251,0.07041076,0.091335782,0.146941823,0.178583144,0.46133032,0.257998001,0.354896657,0.54429521,0.607459205,0.695424948,0.374552315,0.545303543,0.846849735,0.969239847,0.46334264,0.349338623,0.402138846,0.522182117,0.570791774,0.415464986,0.273415456,0.351723009,0.487502333,0.582309658,0.114653422,0.017448229,0.058000481,0.17836039,0.228003108,0,0,0,0,0,0.939120376,0.92795106,0.932717226,0.945194202,0.949634598,0.060879624,0.050365402,0.054805798,0.067282774,0.07204894,0,0,0,0,0,0,0,0,0,0,0.136927817,0.03386169,0.07674885,0.215746409,0.319716328,0.154007761,0.054683009,0.09972021,0.219595054,0.270391668,0.69302183,0.501246903,0.612688072,0.770711784,0.857200175,0,0,0,0,0,0.085674278,0.011806701,0.044631499,0.148951755,0.225588765,0.909716336,0.771996602,0.848871637,0.949992413,0.983356351,0.00448197,0.000432861,0.001989298,0.006696887,0.008210517,0,0,0,0,0
salasa_river_zam22,NaN,NaN,NaN,NaN,NaN,NaN,NaN,NaN,NaN,NaN,NaN,NaN,NaN,NaN,NaN,NaN,NaN,NaN,NaN,NaN,NaN,NaN,NaN,NaN,NaN,NaN,NaN,NaN,NaN,NaN,NaN,NaN,NaN,NaN,NaN,NaN,NaN,NaN,NaN,NaN,NaN,NaN,NaN,NaN,NaN,NaN,NaN,NaN,NaN,NaN,NaN,NaN,NaN,NaN,NaN,NaN,NaN,NaN,NaN,NaN,NaN,NaN,NaN,NaN,NaN,NaN,NaN,NaN,NaN,NaN,NaN,NaN,NaN,NaN,NaN,NaN,NaN,NaN,NaN,NaN,NaN,NaN,NaN,NaN,NaN,NaN,NaN,NaN,NaN,NaN,NaN,NaN,NaN,NaN,NaN,NaN,NaN,NaN,NaN,NaN,NaN
bagsit_river_zam22,NaN,0.422070645,0.274429637,0.334029188,0.506857727,0.601472414,0.120389911,0.069557794,0.088608853,0.150218714,0.175567498,0.456779193,0.283306216,0.368529483,0.548029603,0.62335959,0.647504094,0.374146085,0.500672294,0.822394851,0.964580506,0.456923203,0.35064842,0.396114814,0.535929758,0.569613409,0.415898695,0.245494686,0.348136943,0.486523244,0.577734435,0.121161239,0.021280263,0.070160649,0.179579019,0.227169566,0,0,0,0,0,0.939121284,0.928051197,0.933322792,0.94485563,0.94972837,0.060878716,0.05027163,0.05514437,0.066677208,0.071948803,0,0,0,0,0,0,0,0,0,0,0.220482241,0.043674695,0.122520137,0.351528612,0.502247179,0.163333217,0.058184415,0.105355193,0.216154298,0.262706524,0.608568161,0.322730924,0.470017606,0.720068897,0.832583059,0,0,0,0,0,0.054381904,0.009143737,0.031403807,0.084119295,0.121207172,0.941654886,0.874626662,0.911099292,0.965870132,0.985161493,0.004868127,0.000412817,0.002197403,0.006952088,0.008325138,0,0,0,0,0
bancal_river_zam22,NaN,NaN,NaN,NaN,NaN,NaN,NaN,NaN,NaN,NaN,NaN,NaN,NaN,NaN,NaN,NaN,NaN,NaN,NaN,NaN,NaN,NaN,NaN,NaN,NaN,NaN,NaN,NaN,NaN,NaN,NaN,NaN,NaN,NaN,NaN,NaN,NaN,NaN,NaN,NaN,NaN,NaN,NaN,NaN,NaN,NaN,NaN,NaN,NaN,NaN,NaN,NaN,NaN,NaN,NaN,NaN,NaN,NaN,NaN,NaN,NaN,NaN,NaN,NaN,NaN,NaN,NaN,NaN,NaN,NaN,NaN,NaN,NaN,NaN,NaN,NaN,NaN,NaN,NaN,NaN,NaN,NaN,NaN,NaN,NaN,NaN,NaN,NaN,NaN,NaN,NaN,NaN,NaN,NaN,NaN,NaN,NaN,NaN,NaN,NaN,NaN
bucao_river_zam22,NaN,0.423965015,0.274999665,0.335468119,0.515980992,0.598370768,0.121482837,0.069262621,0.095910288,0.154973392,0.177732889,0.450709732,0.27634613,0.364400097,0.539500946,0.610222982,0.682928707,0.375479563,0.495143753,0.834709217,0.954262211,0.456241145,0.347998046,0.396125095,0.525155765,0.569584344,0.424494525,0.24876439,0.346247525,0.497696857,0.581730204,0.121199226,0.016285407,0.057297011,0.179518024,0.223965106,0,0,0,0,0,0.939221818,0.927608776,0.931509313,0.945405088,0.949774124,0.060778182,0.050225876,0.054594912,0.068490687,0.072391224,0,0,0,0,0,0,0,0,0,0,0.222652753,0.043580711,0.131624668,0.33289107,0.450227248,0.152331008,0.052420233,0.100335789,0.215819362,0.270703209,0.613563601,0.375490347,0.506876466,0.724824231,0.838071022,0,0,0,0,0,0.123388209,0.00820046,0.062830299,0.184936627,0.245157503,0.871760435,0.751183773,0.81010134,0.932175523,0.986514345,0.004721147,0.000680179,0.002544015,0.006720962,0.008353876,0,0,0,0,0
maloma_river_zam22,NaN,0.409579291,0.2714179,0.324168978,0.508723711,0.59039649,0.122647357,0.069919017,0.093048732,0.153842192,0.178443628,0.464430701,0.271119103,0.36584405,0.5531966,0.623601987,0.660249442,0.370385598,0.50029125,0.84574046,0.972538325,0.455687141,0.343983133,0.393096315,0.512743567,0.56744131,0.425150674,0.265799645,0.355120881,0.493435306,0.587070703,0.11962756,0.01552682,0.05846852,0.181242889,0.224581377,0,0,0,0,0,0.938864319,0.928341069,0.933262896,0.944797385,0.949898814,0.061135681,0.050101186,0.055202615,0.066737104,0.071658931,0,0,0,0,0,0,0,0,0,0,0.180079263,0.043380246,0.101634057,0.27852572,0.422703788,0.153638749,0.052449966,0.09346264,0.212717925,0.265140779,0.656433392,0.404296389,0.556208895,0.738819597,0.858231499,0,0,0,0,0,0.102279334,0.013342714,0.050465778,0.15767839,0.22516546,0.8915224,0.768301636,0.836744345,0.945764792,0.980032359,0.004506647,0.000561793,0.002430801,0.006734493,0.008388362,0,0,0,0,0
bulsa_river_us_zam23,NaN,0.426480202,0.274201,0.331489813,0.538172952,0.600550009,0.118492801,0.067847322,0.092077711,0.15032102,0.177632363,0.450874853,0.266171466,0.357337635,0.533265936,0.614825588,0.696726162,0.390974786,0.542601947,0.850469911,0.966166489,0.455197199,0.347490142,0.399202346,0.520821063,0.570508359,0.413961113,0.25041494,0.345262709,0.47675459,0.57927227,0.124789591,0.021727151,0.070878823,0.181334386,0.228553022,0,0,0,0,0,0.937844185,0.928035655,0.932763133,0.944551092,0.949844962,0.062155815,0.050155038,0.055448908,0.067236867,0.071964345,0,0,0,0,0,0,0,0,0,0,0.313053281,0.049842706,0.157776375,0.431104473,0.543122358,0.164481219,0.053890664,0.102681537,0.217935374,0.266571995,0.523150057,0.303310792,0.397470749,0.683573503,0.812715024,0,0,0,0,0,0.132251772,0.016081158,0.063294424,0.193494189,0.240541993,0.863271969,0.754256346,0.802400121,0.933118858,0.981181288,0.003976638,0.000339114,0.002125521,0.006424874,0.008281211,0,0,0,0,0
camiling_river_ds_zam23,NaN,0.465096866,0.275911347,0.355797761,0.542345132,0.607670845,0.123706322,0.068715785,0.094414502,0.152375583,0.177632252,0.415047584,0.251896091,0.333640994,0.521404873,0.60851375,0.677737598,0.382538057,0.512338955,0.841556525,0.960769044,0.469053496,0.34344608,0.401288454,0.526292466,0.575746916,0.416919735,0.24968246,0.33055263,0.485010427,0.574582387,0.122946838,0.015818899,0.067285149,0.18226471,0.229133721,0,0,0,0,0,0.939592667,0.928265554,0.932534692,0.94535548,0.949368401,0.060407333,0.050631599,0.05464452,0.067465308,0.071734446,0,0,0,0,0,0,0,0,0,0,0.309648057,0.066267711,0.176108222,0.459014889,0.578251503,0.159294603,0.052146839,0.099794473,0.222424674,0.263384086,0.517854132,0.230196237,0.388072128,0.660944976,0.805062336,0,0,0,0,0,0.1284869,0.019981432,0.069795094,0.185318483,0.24580035,0.866658324,0.75051953,0.80899613,0.927489926,0.977370775,0.00395397,0.000390228,0.002121749,0.006526411,0.008369723,0,0,0,0,0
malabobo_river_zam23,NaN,0.449448332,0.278935395,0.357721082,0.536816306,0.599721137,0.121622081,0.068016238,0.092823201,0.153324446,0.177479706,0.432921086,0.261943281,0.339695511,0.519124842,0.615164865,0.665582291,0.369192321,0.498077515,0.830947773,0.965102266,0.45748618,0.345165513,0.398253386,0.52472836,0.572392298,0.417764369,0.262837003,0.348813029,0.490796118,0.585698482,0.117617264,0.016070876,0.064951453,0.178511938,0.225495011,0,0,0,0,0,0.938676831,0.92802001,0.932969647,0.94489249,0.949813645,0.061323169,0.050186355,0.05510751,0.067030353,0.07197999,0,0,0,0,0,0,0,0,0,0,0.323665866,0.065926642,0.176913932,0.472367023,0.568887905,0.155699421,0.054147006,0.097487143,0.215472877,0.27125738,0.514964204,0.245701134,0.385223718,0.663486964,0.79938107,0,0,0,0,0,0.139386638,0.015874578,0.066018459,0.202619651,0.247492023,0.856564569,0.745975687,0.794604131,0.930946132,0.979879157,0.004029986,0.000383065,0.001681013,0.006415109,0.008275856,0,0,0,0,0
bayaoas_river_zam23,NaN,0.429448935,0.274942866,0.337490639,0.525533,0.608982651,0.126774273,0.070138115,0.094849418,0.155855977,0.177773544,0.44903743,0.25342107,0.353879901,0.534982527,0.613764675,0.653397087,0.368374459,0.501563001,0.834318796,0.961808274,0.454974077,0.344345712,0.388157285,0.516232669,0.56929251,0.418257067,0.250359205,0.352708053,0.48806361,0.582403432,0.123226675,0.018875891,0.069641383,0.182648585,0.229477171,0,0,0,0,0,0.939155458,0.928214474,0.933383989,0.94511555,0.950541161,0.060844542,0.049458839,0.05488445,0.066616011,0.071785526,0,0,0,0,0,0,0,0,0,0,0.302995724,0.045328848,0.172778584,0.454376258,0.572432567,0.159141168,0.051172856,0.097268424,0.221313188,0.272217554,0.527558132,0.246899388,0.383947552,0.67336193,0.826417505,0,0,0,0,0,0.123848162,0.015325326,0.062112049,0.190109236,0.24853352,0.870977529,0.748935646,0.805122512,0.932822839,0.980440776,0.003769835,0.000295519,0.001795868,0.005940862,0.008028686,0,0,0,0,0
mapita_river_zam23,NaN,0.441754928,0.273896994,0.346252888,0.530572611,0.610034666,0.117820455,0.069049455,0.09084286,0.14956728,0.176930545,0.442116484,0.267667351,0.344425909,0.536038467,0.617227306,0.668207893,0.379594077,0.509874343,0.839432517,0.964360703,0.470698099,0.347137201,0.398286767,0.5251313,0.572111132,0.420630089,0.260512475,0.352233389,0.4884796,0.578552578,0.111983888,0.020715328,0.065129103,0.17224121,0.22749574,0,0,0,0,0,0.938129642,0.928054416,0.932484581,0.944602105,0.949666558,0.061870358,0.050333442,0.055397895,0.067515419,0.071945584,0,0,0,0,0,0,0,0,0,0,0.331893104,0.05074929,0.174854809,0.471351904,0.560767927,0.157237149,0.052196086,0.098900551,0.221190565,0.267510095,0.514648715,0.246548809,0.365794327,0.667188257,0.814881537,0,0,0,0,0,0.136060322,0.009731458,0.065474529,0.195368143,0.245910344,0.858354172,0.749490826,0.801723948,0.930765238,0.985342466,0.004469063,0.000391426,0.002098126,0.006726403,0.008352627,0,0,0,0,0
dumoloc_river_zam23,NaN,0.440194767,0.277372278,0.349575893,0.527792344,0.601861129,0.122987588,0.06996049,0.09036313,0.151415632,0.177763211,0.435158663,0.265954482,0.352903375,0.530620305,0.606686495,0.687967161,0.382873834,0.510799952,0.840335401,0.971756004,0.454448703,0.34624479,0.39044507,0.520182037,0.57240312,0.421556057,0.252100305,0.351433279,0.49331918,0.587121604,0.125844112,0.019148737,0.062232464,0.186177867,0.22785452,0,0,0,0,0,0.938970697,0.927889661,0.932697048,0.945276812,0.949730758,0.061029303,0.050269242,0.054723188,0.067302952,0.072110339,0,0,0,0,0,0,0,0,0,0,0.3076515,0.059768818,0.167248314,0.454846667,0.565568296,0.151626096,0.050246739,0.096258549,0.219859554,0.270277523,0.523245181,0.25714889,0.389999127,0.668060919,0.8088974,0,0,0,0,0,0.131500695,0.016842155,0.070395355,0.196212837,0.250346196,0.863960089,0.745033707,0.799992007,0.923478291,0.977770936,0.004768659,0.000399606,0.002374732,0.0070862,0.008426403,0,0,0,0,0
pmb1_zam23,NaN,0.45832861,0.283343599,0.36698155,0.547823069,0.60777332,0.127321148,0.070971316,0.098347458,0.155423916,0.178906365,0.407303219,0.255717849,0.328681173,0.498286104,0.599896162,0.692398615,0.40772273,0.554197709,0.843606672,0.96175777,0.459297937,0.347903245,0.396574174,0.523736952,0.571545549,0.424682019,0.264393965,0.355044624,0.494714843,0.579311865,0.110419773,0.016287516,0.057952285,0.17728249,0.22020347,0,0,0,0,0,0.939045539,0.928036967,0.933662846,0.944559219,0.950075442,0.060954461,0.049924558,0.055440781,0.066337154,0.071963033,0,0,0,0,0,0,0,0,0,0,0.311393909,0.044780625,0.157988638,0.463659568,0.583682885,0.158206578,0.055330772,0.097271362,0.213747874,0.267582376,0.525963817,0.236282747,0.369197341,0.678781359,0.824334044,0,0,0,0,0,0.137205929,0.023423395,0.061779053,0.198584018,0.249644629,0.85797163,0.746411201,0.79815508,0.933863495,0.97094745,0.004357868,0.000593496,0.0021263,0.006717089,0.008339518,0,0,0,0,0
pmb2_zam23,NaN,0.471058035,0.286820645,0.377942597,0.561584446,0.609295995,0.125054295,0.070411824,0.096685944,0.153184183,0.178836551,0.400897566,0.247705219,0.324416221,0.501421123,0.587200321,0.699332112,0.420336539,0.562841124,0.846450765,0.968661674,0.45045374,0.346258359,0.390568842,0.521815415,0.569578448,0.422779499,0.250821792,0.350565153,0.497560594,0.58817318,0.118566177,0.016414021,0.0640303,0.179353047,0.226440986,0,0,0,0,0,0.939468129,0.927923251,0.93274727,0.94500267,0.950106834,0.060531871,0.049893166,0.05499733,0.06725273,0.072076749,0,0,0,0,0,0,0,0,0,0,0.309324032,0.055871062,0.179812271,0.45279562,0.575174162,0.156834862,0.054887849,0.095264977,0.21895032,0.270342005,0.537020882,0.231302476,0.371406116,0.682501571,0.816943096,0,0,0,0,0,0.124469474,0.010727153,0.062760456,0.19383473,0.24739732,0.872832888,0.74934722,0.803495064,0.932872417,0.98467743,0.004034649,0.000471589,0.002030606,0.006170685,0.008131212,0,0,0,0,0
pmb3_zam23,NaN,0.458622433,0.288278059,0.364054519,0.541305188,0.602986014,0.124538468,0.072986811,0.098070558,0.156556025,0.176195153,0.414932689,0.265120789,0.329916765,0.506931376,0.602721841,0.717390749,0.419608373,0.575102182,0.834321886,0.971965816,0.44625048,0.346226002,0.392168386,0.513636097,0.574201747,0.438637769,0.258632814,0.364270721,0.498244691,0.583693364,0.117698181,0.014680788,0.059011881,0.177283091,0.226680139,0,0,0,0,0,0.938328901,0.928027537,0.932319107,0.944734016,0.949856755,0.061671099,0.050143245,0.055265984,0.067680893,0.071972463,0,0,0,0,0,0,0,0,0,0,0.346161768,0.060429071,0.183994161,0.45017348,0.573901664,0.161054229,0.052552169,0.10164446,0.21923961,0.271525046,0.518399089,0.23233812,0.387570422,0.648276057,0.802049889,0,0,0,0,0,0.114289066,0.01193544,0.052844136,0.187649766,0.248250824,0.881538748,0.748149051,0.808849257,0.94411961,0.983092958,0.004042754,0.000463237,0.002072802,0.006125822,0.007978342,0,0,0,0,0
pmb4_zam23,NaN,0.458074464,0.277810171,0.35875473,0.539995243,0.602935122,0.126234872,0.074205168,0.097436272,0.153911182,0.178992072,0.413183919,0.262079052,0.337401727,0.516322206,0.609816135,0.669303881,0.384006667,0.52415587,0.83937207,0.961924249,0.453003148,0.346416521,0.395586608,0.515227278,0.568413005,0.41843345,0.244649684,0.361417843,0.487415325,0.58611453,0.122952698,0.018681027,0.073273877,0.177400477,0.226698983,0,0,0,0,0,0.939859954,0.928245055,0.93241252,0.945685047,0.950277266,0.060140046,0.049722734,0.054314953,0.06758748,0.071754945,0,0,0,0,0,0,0,0,0,0,0.322509975,0.048293536,0.18163203,0.454489788,0.568190158,0.164221107,0.054982677,0.105132571,0.223174766,0.270145662,0.522936382,0.234701999,0.370003865,0.652036966,0.811564089,0,0,0,0,0,0.134744771,0.01377777,0.072353356,0.201806857,0.244938429,0.860717038,0.7509319,0.79393333,0.92361224,0.981805976,0.004199398,0.00048603,0.002096,0.006279143,0.008117969,0,0,0,0,0
sc7_zam23,NaN,0.425123792,0.277281045,0.342175142,0.513797719,0.599543836,0.127712527,0.069301709,0.093820019,0.153563591,0.179205844,0.448967665,0.253776756,0.367363687,0.535951992,0.608126487,0.704318216,0.39256617,0.547721502,0.865703949,0.979632778,0.453144857,0.346242491,0.387644287,0.512599133,0.569344905,0.424882434,0.266955455,0.356223586,0.495476912,0.578566649,0.122623024,0.020090439,0.063127303,0.179955862,0.226753449,0,0,0,0,0,0.938890112,0.928353955,0.933270953,0.944356699,0.949530358,0.061109888,0.050469642,0.055643301,0.066729047,0.071646045,0,0,0,0,0,0,0,0,0,0,0.081930376,0.028306014,0.052537005,0.119340848,0.186570578,0.137667157,0.0539083,0.092106912,0.208798926,0.263543797,0.759056168,0.638251204,0.70282085,0.822113057,0.878174502,0,0,0,0,0,0.013007599,0.003641908,0.006976367,0.019638083,0.028624236,0.982639039,0.966523649,0.975997687,0.987865246,0.992631896,0.00464643,0.000499294,0.002520272,0.006650082,0.008455137,0,0,0,0,0
sc5_zam23,NaN,0.404188717,0.269557186,0.328168651,0.490749247,0.58989104,0.116268035,0.068339342,0.088822609,0.144185183,0.177070931,0.478251182,0.28155488,0.387950065,0.553076595,0.634968123,0.713811143,0.390829412,0.55461358,0.869351751,0.970492364,0.461757886,0.344882859,0.399127497,0.5242578,0.568453414,0.417424707,0.257683077,0.341204907,0.486588745,0.593572498,0.129955622,0.01824355,0.066285506,0.18105461,0.223801747,0,0,0,0,0,0.937291182,0.927545061,0.93200613,0.944873605,0.949983825,0.062708818,0.050016175,0.055126395,0.06799387,0.072454939,0,0,0,0,0,0,0,0,0,0,0.105437799,0.034670256,0.067894664,0.157976591,0.246856783,0.147549517,0.051906101,0.091096338,0.211321058,0.267887306,0.736573444,0.556465065,0.666436608,0.799757969,0.874110852,0,0,0,0,0,0.012495345,0.003598749,0.006750321,0.020968696,0.031506127,0.98285423,0.962704243,0.974832387,0.988173028,0.993333355,0.004611367,0.000452379,0.002437423,0.006679597,0.008381934,0,0,0,0,0
sc1_zam23,NaN,0.417419498,0.275003912,0.337746294,0.508355949,0.591160807,0.121940739,0.067955877,0.091649463,0.150299713,0.177856738,0.456000238,0.291814368,0.365488281,0.535594293,0.612165003,0.735657401,0.384987209,0.560768933,0.874436252,0.969949635,0.468940157,0.348975448,0.403954892,0.522712107,0.570460071,0.415064719,0.248252187,0.343945704,0.480271266,0.569273355,0.125460044,0.017363915,0.062871022,0.180317704,0.222042474,0,0,0,0,0,0.939172064,0.927939082,0.932991086,0.944230826,0.949354554,0.060827936,0.050645446,0.055769174,0.067008914,0.072060918,0,0,0,0,0,0,0,0,0,0,0.033054782,0.024127337,0.027532408,0.040662066,0.051331574,0.200148648,0.058766629,0.131335414,0.248928665,0.274882058,0.765597394,0.692917169,0.714502174,0.828993772,0.90324611,0,0,0,0,0,0.069034141,0.007814174,0.029474505,0.12936757,0.230714838,0.926284605,0.766984222,0.86651708,0.966689506,0.98807382,0.004193089,0.000383806,0.002091237,0.006391184,0.008364014,0,0,0,0,0
lawis_river_zam23,NaN,NaN,NaN,NaN,NaN,NaN,NaN,NaN,NaN,NaN,NaN,NaN,NaN,NaN,NaN,NaN,NaN,NaN,NaN,NaN,NaN,NaN,NaN,NaN,NaN,NaN,NaN,NaN,NaN,NaN,NaN,NaN,NaN,NaN,NaN,NaN,NaN,NaN,NaN,NaN,NaN,NaN,NaN,NaN,NaN,NaN,NaN,NaN,NaN,NaN,NaN,NaN,NaN,NaN,NaN,NaN,NaN,NaN,NaN,NaN,NaN,NaN,NaN,NaN,NaN,NaN,NaN,NaN,NaN,NaN,NaN,NaN,NaN,NaN,NaN,NaN,NaN,NaN,NaN,NaN,NaN,NaN,NaN,NaN,NaN,NaN,NaN,NaN,NaN,NaN,NaN,NaN,NaN,NaN,NaN,NaN,NaN,NaN,NaN,NaN,NaN
masinloc_river_zam23,NaN,NaN,NaN,NaN,NaN,NaN,NaN,NaN,NaN,NaN,NaN,NaN,NaN,NaN,NaN,NaN,NaN,NaN,NaN,NaN,NaN,NaN,NaN,NaN,NaN,NaN,NaN,NaN,NaN,NaN,NaN,NaN,NaN,NaN,NaN,NaN,NaN,NaN,NaN,NaN,NaN,NaN,NaN,NaN,NaN,NaN,NaN,NaN,NaN,NaN,NaN,NaN,NaN,NaN,NaN,NaN,NaN,NaN,NaN,NaN,NaN,NaN,NaN,NaN,NaN,NaN,NaN,NaN,NaN,NaN,NaN,NaN,NaN,NaN,NaN,NaN,NaN,NaN,NaN,NaN,NaN,NaN,NaN,NaN,NaN,NaN,NaN,NaN,NaN,NaN,NaN,NaN,NaN,NaN,NaN,NaN,NaN,NaN,NaN,NaN,NaN
salasa_river_zam23,NaN,0.414247886,0.278247778,0.328245297,0.500771791,0.597489184,0.125651811,0.067114864,0.096000898,0.154893115,0.178372109,0.470206124,0.267313264,0.371929277,0.545231906,0.612882222,0.68991138,0.382081679,0.526278212,0.847342335,0.96078002,0.458079695,0.350883538,0.401153283,0.519677681,0.571407365,0.418738311,0.25422719,0.351542363,0.488426432,0.579444762,0.114626676,0.016548876,0.065051295,0.169097778,0.227823817,0,0,0,0,0,0.938374669,0.928215725,0.932858009,0.945022476,0.949752483,0.061625331,0.050247517,0.054977524,0.067141991,0.071784275,0,0,0,0,0,0,0,0,0,0,0.233184518,0.042558958,0.130452524,0.357371526,0.492889595,0.158661322,0.051705105,0.100291212,0.21515902,0.26794664,0.600942063,0.337908897,0.476339807,0.713707584,0.842279976,0,0,0,0,0,0.101507278,0.015329547,0.048392556,0.157359224,0.226366039,0.894835383,0.769678942,0.840200501,0.948704745,0.981305303,0.004277714,0.000351415,0.00201771,0.006476792,0.008203711,0,0,0,0,0
bagsit_river_zam23,NaN,0.437279623,0.274505286,0.351647724,0.518702464,0.603020692,0.118268654,0.067820376,0.09179556,0.152411868,0.17550992,0.441922376,0.261030162,0.353488554,0.531018556,0.617487217,0.672862981,0.381520635,0.520685269,0.845079556,0.967828696,0.462538336,0.347431901,0.386107453,0.518912295,0.567524078,0.425317531,0.265727927,0.361719981,0.486101121,0.58191517,0.11730324,0.018346815,0.062108123,0.171605765,0.223100232,0,0,0,0,0,0.938694645,0.927703791,0.932842122,0.945218596,0.949982842,0.061305355,0.050017158,0.054781404,0.067157878,0.072296209,0,0,0,0,0,0,0,0,0,0,0.179471392,0.035766576,0.09678877,0.286955421,0.417895886,0.154928703,0.048755472,0.091479042,0.213373513,0.267927902,0.649251101,0.409356997,0.546673168,0.748803227,0.865506271,0,0,0,0,0,0.073462593,0.008534977,0.033988103,0.12150022,0.169347656,0.921828244,0.825082748,0.873104534,0.960546492,0.987134639,0.004501917,0.000271666,0.00225329,0.006816407,0.008273126,0,0,0,0,0
bucao_river_zam23,NaN,NaN,NaN,NaN,NaN,NaN,NaN,NaN,NaN,NaN,NaN,NaN,NaN,NaN,NaN,NaN,NaN,NaN,NaN,NaN,NaN,NaN,NaN,NaN,NaN,NaN,NaN,NaN,NaN,NaN,NaN,NaN,NaN,NaN,NaN,NaN,NaN,NaN,NaN,NaN,NaN,NaN,NaN,NaN,NaN,NaN,NaN,NaN,NaN,NaN,NaN,NaN,NaN,NaN,NaN,NaN,NaN,NaN,NaN,NaN,NaN,NaN,NaN,NaN,NaN,NaN,NaN,NaN,NaN,NaN,NaN,NaN,NaN,NaN,NaN,NaN,NaN,NaN,NaN,NaN,NaN,NaN,NaN,NaN,NaN,NaN,NaN,NaN,NaN,NaN,NaN,NaN,NaN,NaN,NaN,NaN,NaN,NaN,NaN,NaN,NaN
maloma_river_zam23,NaN,0.404130066,0.2737964,0.334067563,0.50532981,0.596745551,0.119784426,0.068775946,0.089412698,0.151449335,0.178009619,0.475111738,0.27709475,0.379069651,0.544135526,0.627169481,0.66415676,0.392339867,0.497652928,0.833623668,0.966958303,0.455135828,0.351649445,0.398322516,0.512397035,0.571464495,0.416755685,0.273745103,0.352097561,0.488389866,0.570135357,0.123287119,0.018393937,0.063830932,0.187520448,0.228795607,0,0,0,0,0,0.93915113,0.92811057,0.932341939,0.944801738,0.949828,0.06084887,0.050172,0.055198262,0.067658061,0.07188943,0,0,0,0,0,0,0,0,0,0,0.174174532,0.031873346,0.083520283,0.287633364,0.425262892,0.15313593,0.054957969,0.095311215,0.204463315,0.264539753,0.664756058,0.415323539,0.545889748,0.76058465,0.865055378,0,0,0,0,0,0.089586252,0.010849151,0.042755678,0.147096538,0.215038181,0.905352217,0.779149436,0.847868408,0.950582678,0.985061495,0.004498153,0.00047722,0.002290586,0.006808262,0.008458624,0,0,0,0,0
bulsa_river_us_zam24,NaN,0.441756546,0.280498624,0.355424669,0.524266392,0.599244244,0.119513626,0.069957654,0.096193246,0.149615526,0.17764262,0.429496312,0.274789245,0.347088378,0.528680588,0.601563821,0.654490603,0.387471737,0.501815423,0.8312055,0.97750101,0.462179359,0.346574398,0.400179088,0.522719226,0.568296345,0.408005157,0.257466804,0.354586625,0.483727685,0.573354782,0.123886321,0.017642495,0.06594002,0.185522962,0.228792934,0,0,0,0,0,0.938893078,0.927807678,0.932914278,0.945402251,0.950169194,0.061106922,0.049830806,0.054597749,0.067085722,0.072192322,0,0,0,0,0,0,0,0,0,0,0.282235537,0.043726501,0.148860721,0.407464656,0.522303567,0.159658451,0.052121333,0.094543579,0.218533376,0.271023489,0.547272104,0.32117512,0.426094941,0.691752848,0.839930274,0,0,0,0,0,0.132268498,0.013885818,0.059488717,0.191723395,0.246891426,0.864137336,0.749636086,0.804214187,0.935478384,0.982165746,0.003962262,0.00051184,0.00201935,0.006413134,0.008244723,0,0,0,0,0
camiling_river_us_zam24,NaN,0.440149078,0.272578707,0.355791488,0.531987707,0.599927082,0.122606043,0.070094351,0.091186618,0.15408319,0.179840236,0.445480456,0.257723215,0.343850009,0.527172068,0.611437287,0.671247744,0.378150933,0.503405094,0.846389503,0.971687213,0.462643016,0.347552601,0.397983672,0.523234993,0.577082388,0.423012647,0.249072525,0.339355837,0.485802636,0.583230964,0.125494785,0.018696799,0.065040101,0.181437395,0.228814374,0,0,0,0,0,0.939636512,0.927955694,0.933234,0.946136869,0.950368387,0.060363488,0.049631613,0.053863131,0.066766,0.072044306,0,0,0,0,0,0,0,0,0,0,0.309301018,0.046812363,0.152220768,0.457315698,0.559883136,0.167546473,0.052067686,0.097666851,0.221076258,0.271205933,0.533809786,0.245480591,0.389394493,0.673405548,0.836062735,0,0,0,0,0,0.131939894,0.018577741,0.06893438,0.186401999,0.24038603,0.864088837,0.754402207,0.808807667,0.927330147,0.977816557,0.00414123,0.00050063,0.002087821,0.00663308,0.008331524,0,0,0,0,0
camiling_river_ds_zam24,NaN,0.419650946,0.278718831,0.342346451,0.514318627,0.600577839,0.122475879,0.068862651,0.092904486,0.154372057,0.17791815,0.455534161,0.271153971,0.356158585,0.528284839,0.619508937,0.694552705,0.377145978,0.547334038,0.850188684,0.963877998,0.452915669,0.343240683,0.391619633,0.51790856,0.574540381,0.419079669,0.264693049,0.35187743,0.483490428,0.583901564,0.132999788,0.022376199,0.071103167,0.181400648,0.227426614,0,0,0,0,0,0.939088357,0.928205549,0.933478813,0.945144246,0.9502885,0.060911643,0.0497115,0.054855754,0.066521187,0.071794451,0,0,0,0,0,0,0,0,0,0,0.313580437,0.056373008,0.175485695,0.450667881,0.568750481,0.163098151,0.053477817,0.101870954,0.215259127,0.263147942,0.536070514,0.252571308,0.379787181,0.667175068,0.807932752,0,0,0,0,0,0.132665253,0.019495412,0.067750798,0.195493095,0.246704011,0.862170548,0.748573006,0.801403367,0.928583234,0.977733705,0.003846495,0.000285992,0.001896239,0.006592363,0.008251595,0,0,0,0,0
malabobo_river_zam24,NaN,0.451471398,0.278361596,0.364775316,0.536046959,0.602506574,0.126802602,0.070013531,0.093796785,0.157219171,0.179344248,0.425503466,0.259468639,0.33206085,0.514416613,0.599530919,0.658542757,0.366111228,0.505045178,0.823227667,0.976474259,0.460721093,0.345581664,0.389435138,0.519068824,0.567541307,0.422671124,0.257592412,0.35341469,0.492177193,0.590071843,0.117476724,0.016071123,0.061184967,0.181555478,0.227266097,0,0,0,0,0,0.938717038,0.927986758,0.932007789,0.94548042,0.949950293,0.061282962,0.050049707,0.05451958,0.067992211,0.072013242,0,0,0,0,0,0,0,0,0,0,0.340542707,0.048534383,0.170461255,0.459496052,0.57144821,0.16213806,0.054121225,0.101117678,0.229254564,0.272115603,0.509305325,0.20825779,0.364524451,0.675149009,0.820558998,0,0,0,0,0,0.123299647,0.011644597,0.055370638,0.189525917,0.244192589,0.870258902,0.752331386,0.806504181,0.93938359,0.982945684,0.00470437,0.000726063,0.00255704,0.006699837,0.008377077,0,0,0,0,0
bayaoas_river_zam24,NaN,0.451081262,0.278877352,0.351364401,0.542364087,0.604961348,0.124328633,0.069436727,0.091068274,0.156064607,0.180108985,0.4189603,0.266487499,0.336859159,0.525156593,0.607121578,0.677140761,0.376173709,0.505794312,0.844318488,0.969686553,0.461624668,0.348180663,0.396514851,0.524477353,0.570581819,0.416707862,0.252715705,0.343216562,0.487596487,0.5837863,0.12686091,0.021443362,0.065784899,0.179562025,0.226649577,0,0,0,0,0,0.939999966,0.927954435,0.933481145,0.945261823,0.950303859,0.060000034,0.049696141,0.054738177,0.066518855,0.072045565,0,0,0,0,0,0,0,0,0,0,0.305728862,0.055398237,0.163220226,0.452196209,0.565840191,0.16584385,0.052842217,0.10704957,0.225562419,0.268336437,0.526187246,0.234200634,0.385492425,0.66769078,0.812826681,0,0,0,0,0,0.12869597,0.01733856,0.062461662,0.197685668,0.247897493,0.866537329,0.747999208,0.796870492,0.935160003,0.976925746,0.004042485,0.00045618,0.002299831,0.006551476,0.008284296,0,0,0,0,0
mapita_river_zam24,NaN,0.442636577,0.272778636,0.351635154,0.53546762,0.60011724,0.127190588,0.069346495,0.098373456,0.153055025,0.176993179,0.427873103,0.254700716,0.336035273,0.520082676,0.616575122,0.696747554,0.384565782,0.523513972,0.839624852,0.956583914,0.462642161,0.344337694,0.404838675,0.52030627,0.572134199,0.414566002,0.251211136,0.350145712,0.479383996,0.593866648,0.117216842,0.017635169,0.066861827,0.1768178,0.227357611,0,0,0,0,0,0.93805619,0.927927658,0.932647739,0.944090192,0.949901423,0.06194381,0.050098577,0.055909808,0.067352261,0.072072342,0,0,0,0,0,0,0,0,0,0,0.292410679,0.048260276,0.147603444,0.462979418,0.583362159,0.164368896,0.052416759,0.104913758,0.225181038,0.26951566,0.534195066,0.239306635,0.363824591,0.685239547,0.824673442,0,0,0,0,0,0.134583991,0.020180755,0.072606617,0.199859948,0.246954709,0.859484135,0.748333917,0.794504191,0.921631497,0.974523599,0.00424047,0.000430564,0.002026605,0.006137799,0.008414032,0,0,0,0,0
dumoloc_river_zam24,NaN,0.442863468,0.282751955,0.358454301,0.53273599,0.603380387,0.123880576,0.068758491,0.0915718,0.153637308,0.179740961,0.428477847,0.263110837,0.350697564,0.517442495,0.606317366,0.660694336,0.38282951,0.491342594,0.844476107,0.972552976,0.455144429,0.347931684,0.393736353,0.521277563,0.574757479,0.416847757,0.255965969,0.343294057,0.488640816,0.583481378,0.129159375,0.019278936,0.073386212,0.178926911,0.223286758,0,0,0,0,0,0.938439049,0.928018908,0.932751769,0.944696622,0.949570965,0.061560951,0.050429035,0.055303378,0.067248231,0.071981092,0,0,0,0,0,0,0,0,0,0,0.325179958,0.047210381,0.160113636,0.460642202,0.570508746,0.152534305,0.048842426,0.094245623,0.22603022,0.272206009,0.527648262,0.245586344,0.380922668,0.672789991,0.825811588,0,0,0,0,0,0.124780936,0.015722713,0.057198068,0.191796981,0.248273355,0.870332695,0.747202908,0.802818867,0.939271029,0.98083967,0.004525649,0.000585809,0.002371596,0.006633008,0.008330823,0,0,0,0,0
pmb4_zam24,NaN,0.442669469,0.282201862,0.358458017,0.530581222,0.601586578,0.12216393,0.072070014,0.093496755,0.152859866,0.179011917,0.431545024,0.265538457,0.343696102,0.525314932,0.596941662,0.684688972,0.384012612,0.512447115,0.831989864,0.97138397,0.451468085,0.343501599,0.390359102,0.520582747,0.575156963,0.424580748,0.251275059,0.362010436,0.501336542,0.584531655,0.111986169,0.018865263,0.058292817,0.17533819,0.226020491,0,0,0,0,0,0.939000502,0.927996548,0.93302732,0.945092221,0.95004286,0.060999498,0.04995714,0.054907779,0.06697268,0.072003452,0,0,0,0,0,0,0,0,0,0,0.289846756,0.047000369,0.170304472,0.431043636,0.562875281,0.160842489,0.055580179,0.103436862,0.223119249,0.273683131,0.534701455,0.232409954,0.413203788,0.669633895,0.827524345,0,0,0,0,0,0.130148963,0.01100342,0.070032732,0.190014096,0.242563268,0.866203761,0.751780777,0.806312335,0.927690774,0.984111557,0.004476014,0.000515555,0.002395779,0.006430014,0.008281622,0,0,0,0,0
pmb34_zam24,NaN,0.452515057,0.279485182,0.358845166,0.534531155,0.602653313,0.128792378,0.068439546,0.096035613,0.157693111,0.179263359,0.418445344,0.254007925,0.33967984,0.515273974,0.60835247,0.716718547,0.389255495,0.547235959,0.861610393,0.964714941,0.452980661,0.347036889,0.392466539,0.521143985,0.570153302,0.417763388,0.260524201,0.343116143,0.491498463,0.588004964,0.129329662,0.016252241,0.067399571,0.18589461,0.226995672,0,0,0,0,0,0.94005639,0.928093533,0.93265469,0.945098092,0.949973666,0.05994361,0.050026334,0.054901908,0.06734531,0.071906467,0,0,0,0,0,0,0,0,0,0,0.295548382,0.056251894,0.165604795,0.425383072,0.568227425,0.162833354,0.050629208,0.112559574,0.217125963,0.267941674,0.539918694,0.254247292,0.405699661,0.67868514,0.800194552,0,0,0,0,0,0.140564903,0.015679027,0.065607398,0.196846593,0.24564692,0.856369554,0.748923808,0.800328265,0.931027183,0.980296044,0.004171676,0.00031355,0.001938237,0.006265005,0.00846343,0,0,0,0,0
pmb3_zam24,NaN,0.472698015,0.282100075,0.363978026,0.546226972,0.612326082,0.12619796,0.070316794,0.094497246,0.157317291,0.18037859,0.411682998,0.240002847,0.335964391,0.504428583,0.614744663,0.768055438,0.438346634,0.617988751,0.876537138,0.974463911,0.462871444,0.346367426,0.399828585,0.519779921,0.572084888,0.420564243,0.256106801,0.339341102,0.484581656,0.568964783,0.128137572,0.02442936,0.071608536,0.183273992,0.223710426,0,0,0,0,0,0.938579121,0.928242566,0.932567694,0.945352244,0.949806245,0.061420879,0.050193755,0.054647756,0.067432306,0.071757434,0,0,0,0,0,0,0,0,0,0,0.319216864,0.04940374,0.150669146,0.474179843,0.576853228,0.157973033,0.05410299,0.095021612,0.217325594,0.263285229,0.531605445,0.246717288,0.366642013,0.681225034,0.8167239,0,0,0,0,0,0.121841927,0.019396165,0.072802587,0.18819744,0.241264863,0.874073201,0.754798147,0.806881027,0.925470172,0.978092221,0.004334068,0.000447237,0.002453341,0.006355502,0.008219228,0,0,0,0,0
pmb2_zam24,NaN,0.445862283,0.276587229,0.355767714,0.53332816,0.599965306,0.123862732,0.067933896,0.097500495,0.150764255,0.175734834,0.433740008,0.268689206,0.348757929,0.52050672,0.617725332,0.663652067,0.371413794,0.50184251,0.813599746,0.964867649,0.460663335,0.342330351,0.386811736,0.524796448,0.574129668,0.419450689,0.259412036,0.347323283,0.485202183,0.590824169,0.121422637,0.017793804,0.070397644,0.17761371,0.221454126,0,0,0,0,0,0.938790328,0.928207596,0.933137805,0.944533127,0.9500927,0.061209672,0.0499073,0.055466873,0.066862195,0.071792404,0,0,0,0,0,0,0,0,0,0,0.313637704,0.056627287,0.163072724,0.4665272,0.570614601,0.159325379,0.056418712,0.103074953,0.230238459,0.268926714,0.520917333,0.233399601,0.383747444,0.661794004,0.810118268,0,0,0,0,0,0.132937722,0.014321504,0.065477751,0.202542015,0.248500305,0.863808056,0.748699955,0.793311381,0.93135081,0.98066053,0.004331149,0.000372102,0.002080777,0.006518989,0.008415982,0,0,0,0,0
pmb1_zam24,NaN,0.44518891,0.282134495,0.352061282,0.53288718,0.603408886,0.127527477,0.069499059,0.095423356,0.155721826,0.178065077,0.434687715,0.256228903,0.347299723,0.519421663,0.606193894,0.688581353,0.391043908,0.52936355,0.845099412,0.975232263,0.462437247,0.344426549,0.400197654,0.520382262,0.569023801,0.419724726,0.262585301,0.349734856,0.478224935,0.579737506,0.132113659,0.021571128,0.071505846,0.178153624,0.224198999,0,0,0,0,0,0.939087318,0.928121759,0.933283291,0.944688824,0.949480601,0.060912682,0.050519399,0.055311176,0.066716709,0.071878241,0,0,0,0,0,0,0,0,0,0,0.32801531,0.046370888,0.169650658,0.451370138,0.573581456,0.155253246,0.054321234,0.10709533,0.211200599,0.268215366,0.527342087,0.222199318,0.365455673,0.685790379,0.822648365,0,0,0,0,0,0.132519727,0.016622609,0.067619497,0.189186957,0.245057204,0.863129108,0.751239142,0.805514565,0.928125347,0.980253262,0.004699462,0.00050077,0.001890377,0.006463366,0.008260586,0,0,0,0,0
sc6_zam24,NaN,0.316469533,0.265079043,0.28565904,0.372152384,0.48364515,0.118856084,0.069626657,0.091614723,0.146389321,0.175417239,0.554190838,0.391292312,0.510330411,0.593645089,0.641549088,0.767591404,0.50426088,0.623571252,0.894379708,0.98156739,0.450158608,0.345252301,0.393273835,0.516979948,0.568637516,0.426738325,0.250200838,0.360240279,0.506076543,0.585605065,0.114392467,0.016002092,0.054047618,0.183641123,0.22831594,0,0,0,0,0,0.939408495,0.927719948,0.933008699,0.945352576,0.950077261,0.060591505,0.049922739,0.054647424,0.066991301,0.072280052,0,0,0,0,0,0,0,0,0,0,0.200284605,0.041774965,0.089208337,0.328684982,0.527813172,0.155259042,0.051746235,0.091820849,0.216339102,0.265978659,0.647364052,0.316065512,0.506959704,0.750389301,0.855222727,0,0,0,0,0,0.008013871,0.003183299,0.005511798,0.01184008,0.019628474,0.987288337,0.975820705,0.983093449,0.99064652,0.9943476,0.004682091,0.000375215,0.002149536,0.006688817,0.00831592,0,0,0,0,0
sc7_zam24,NaN,0.373360791,0.272895038,0.312022019,0.444193766,0.545554034,0.123412208,0.06805059,0.094522867,0.151940901,0.179606941,0.506405341,0.317603238,0.433254948,0.562545726,0.623910825,0.769220544,0.529686402,0.670093641,0.884545107,0.976764417,0.461759835,0.349159716,0.397687131,0.527171868,0.575646802,0.41642965,0.245448031,0.342525515,0.481275806,0.588772468,0.117282445,0.019558064,0.06226718,0.183878576,0.22167404,0,0,0,0,0,0.939385233,0.927847099,0.933315656,0.945418032,0.95010043,0.060614767,0.04989957,0.054581968,0.066684344,0.072152901,0,0,0,0,0,0,0,0,0,0,0.270022133,0.048801157,0.150047114,0.428736937,0.556990903,0.152641557,0.055461259,0.098312572,0.215005801,0.264999365,0.576763279,0.236168065,0.417320274,0.691768494,0.840620758,0,0,0,0,0,0.009370308,0.003341115,0.005303747,0.013606763,0.020436138,0.98589166,0.973595167,0.981304612,0.989828761,0.994591201,0.004761383,0.000444085,0.002355342,0.006907197,0.008420475,0,0,0,0,0
sc4_zam24,NaN,0.422183972,0.279024686,0.34494053,0.516550337,0.604785789,0.121283728,0.069793188,0.090005595,0.152725524,0.179508625,0.446619377,0.264325378,0.358194405,0.539221366,0.610408076,0.691009596,0.406396238,0.54218348,0.867100232,0.980445371,0.446207456,0.343862207,0.386292883,0.512698137,0.565519057,0.426003016,0.266402427,0.35857961,0.50267166,0.603832855,0.123662401,0.014008996,0.067167874,0.174654983,0.222155275,0,0,0,0,0,0.938936547,0.928049554,0.933018987,0.94571551,0.950346649,0.061063453,0.049653351,0.05428449,0.066981013,0.071950446,0,0,0,0,0,0,0,0,0,0,0.282039849,0.056081054,0.162495662,0.431858651,0.552516715,0.157041916,0.050861141,0.097669083,0.225043983,0.272164304,0.551601644,0.246741269,0.404157248,0.676040967,0.81816844,0,0,0,0,0,0.03437521,0.006036356,0.019225539,0.053027312,0.074929989,0.960970912,0.919765069,0.941436938,0.976306276,0.990002044,0.0043809,0.000368434,0.002140367,0.006340903,0.008269453,0,0,0,0,0
sc1_zam24,NaN,NaN,NaN,NaN,NaN,NaN,NaN,NaN,NaN,NaN,NaN,NaN,NaN,NaN,NaN,NaN,NaN,NaN,NaN,NaN,NaN,NaN,NaN,NaN,NaN,NaN,NaN,NaN,NaN,NaN,NaN,NaN,NaN,NaN,NaN,NaN,NaN,NaN,NaN,NaN,NaN,NaN,NaN,NaN,NaN,NaN,NaN,NaN,NaN,NaN,NaN,NaN,NaN,NaN,NaN,NaN,NaN,NaN,NaN,NaN,NaN,NaN,NaN,NaN,NaN,NaN,NaN,NaN,NaN,NaN,NaN,NaN,NaN,NaN,NaN,NaN,NaN,NaN,NaN,NaN,NaN,NaN,NaN,NaN,NaN,NaN,NaN,NaN,NaN,NaN,NaN,NaN,NaN,NaN,NaN,NaN,NaN,NaN,NaN,NaN,NaN
lawis_river_zam24,NaN,0.449920912,0.285621915,0.356281966,0.529825275,0.59960587,0.12493179,0.07001327,0.098459893,0.154001173,0.177901999,0.428884636,0.255312301,0.352225741,0.51028358,0.600471317,0.756424198,0.431402748,0.600129508,0.884766615,0.976514141,0.448035829,0.34633583,0.390677293,0.512804688,0.571100722,0.429294969,0.266302358,0.364893973,0.504033289,0.599439547,0.107806305,0.018531698,0.049658301,0.173416294,0.223247182,0,0,0,0,0,0.939781307,0.928540172,0.933118129,0.946321811,0.950233214,0.060218693,0.049766786,0.053678189,0.066881871,0.071459828,0,0,0,0,0,0,0,0,0,0,0.351383359,0.058264745,0.189976942,0.481257618,0.570480127,0.163497383,0.054236631,0.101321305,0.222060527,0.269973327,0.481802737,0.2153755,0.3750199,0.652560233,0.799850535,0,0,0,0,0,0.084280586,0.010082793,0.041258404,0.120384815,0.160444904,0.912300121,0.83325999,0.874260374,0.952877935,0.986232096,0.004382198,0.000372839,0.002176421,0.006650467,0.008302047,0,0,0,0,0
masinloc_river_zam24,NaN,0.429282871,0.279379633,0.351400355,0.52046592,0.590301817,0.121559891,0.068116162,0.090567451,0.15475237,0.181142388,0.451912214,0.272081081,0.360126438,0.527734944,0.615285144,0.672425156,0.385671773,0.527795976,0.841792259,0.964177413,0.457744891,0.348520135,0.398445649,0.520368059,0.567661371,0.419130774,0.250033724,0.351416983,0.48128092,0.567677008,0.127194821,0.019085252,0.070693749,0.183620415,0.226855953,0,0,0,0,0,0.939031031,0.928161292,0.932995356,0.945274118,0.950230698,0.060968969,0.049769302,0.054725882,0.067004644,0.071838708,0,0,0,0,0,0,0,0,0,0,0.267034139,0.045907848,0.133846329,0.441625516,0.578220435,0.162271997,0.056533363,0.104534032,0.216373568,0.269624256,0.563193382,0.22424716,0.390796171,0.703804689,0.848261285,0,0,0,0,0,0.106580099,0.011590849,0.058662423,0.159680119,0.211090177,0.889446273,0.784349303,0.837294015,0.937662398,0.981990198,0.004501963,0.000508297,0.002025229,0.006599534,0.008415742,0,0,0,0,0
salasa_river_zam24,NaN,0.423651762,0.280464773,0.3424858,0.513517727,0.605818446,0.122616535,0.068742421,0.090906196,0.151279958,0.179830567,0.447030877,0.257989163,0.365676696,0.539173724,0.622183754,0.678605809,0.417145524,0.533056023,0.834238331,0.952034585,0.465446234,0.343827982,0.38657434,0.524673159,0.570370989,0.419869156,0.255363106,0.34141779,0.48648184,0.587359418,0.12463697,0.019686079,0.066834498,0.181304476,0.221928096,0,0,0,0,0,0.938657127,0.92795253,0.932577611,0.944796596,0.950043206,0.061342873,0.049956794,0.055203404,0.067422389,0.07204747,0,0,0,0,0,0,0,0,0,0,0.275772856,0.044507323,0.149185809,0.430441243,0.548232305,0.162274168,0.053082696,0.104759601,0.221547304,0.269685538,0.549477575,0.272336599,0.4031591,0.689203259,0.835374901,0,0,0,0,0,0.106662955,0.011753079,0.054970099,0.159422755,0.214045484,0.887719757,0.78234716,0.837941351,0.940667074,0.984700797,0.004577148,0.000416835,0.002219874,0.006381199,0.008388754,0,0,0,0,0
bagsit_river_zam24,NaN,0.443862626,0.27726324,0.344635711,0.526107189,0.601555944,0.121670301,0.067770078,0.091346842,0.149722832,0.17926256,0.435992665,0.273188667,0.343846863,0.532632616,0.608865266,0.669946883,0.379285462,0.498497434,0.827185429,0.964764953,0.452430515,0.341995376,0.394986233,0.514076871,0.570519922,0.415872988,0.24260229,0.342286327,0.509690654,0.602478556,0.127428075,0.016906632,0.058681072,0.187063912,0.226340551,0,0,0,0,0,0.939110108,0.9278821,0.932694983,0.945785779,0.950217002,0.060889892,0.049782998,0.054214221,0.067305017,0.0721179,0,0,0,0,0,0,0,0,0,0,0.294464757,0.048031174,0.137488337,0.441360587,0.573049936,0.16298387,0.055345168,0.106747839,0.218163775,0.262863846,0.549440229,0.247571962,0.393455102,0.687504108,0.823586982,0,0,0,0,0,0.074072818,0.011018911,0.0399057,0.107671929,0.141619463,0.921331852,0.854538705,0.887906579,0.956253736,0.984005627,0.004268166,0.000560978,0.002190129,0.006816706,0.008425449,0,0,0,0,0
bancal_river_zam24,NaN,NaN,NaN,NaN,NaN,NaN,NaN,NaN,NaN,NaN,NaN,NaN,NaN,NaN,NaN,NaN,NaN,NaN,NaN,NaN,NaN,NaN,NaN,NaN,NaN,NaN,NaN,NaN,NaN,NaN,NaN,NaN,NaN,NaN,NaN,NaN,NaN,NaN,NaN,NaN,NaN,NaN,NaN,NaN,NaN,NaN,NaN,NaN,NaN,NaN,NaN,NaN,NaN,NaN,NaN,NaN,NaN,NaN,NaN,NaN,NaN,NaN,NaN,NaN,NaN,NaN,NaN,NaN,NaN,NaN,NaN,NaN,NaN,NaN,NaN,NaN,NaN,NaN,NaN,NaN,NaN,NaN,NaN,NaN,NaN,NaN,NaN,NaN,NaN,NaN,NaN,NaN,NaN,NaN,NaN,NaN,NaN,NaN,NaN,NaN,NaN
bucao_river_zam24,NaN,0.423125978,0.272813923,0.333154517,0.505809045,0.599332478,0.124281432,0.069073662,0.094295883,0.151457746,0.176662646,0.451006944,0.273289365,0.365603035,0.545312078,0.617804384,0.639887775,0.387479218,0.482671742,0.84307217,0.969900033,0.457900943,0.347150735,0.395169068,0.515369183,0.567491593,0.413213851,0.264093244,0.35399837,0.477098598,0.576993853,0.130602628,0.022135892,0.072485787,0.18226661,0.22856238,0,0,0,0,0,0.939445311,0.927536827,0.933078256,0.945823351,0.95004904,0.060554689,0.04995096,0.054176649,0.066921744,0.072463173,0,0,0,0,0,0,0,0,0,0,0.26503341,0.043920953,0.140180354,0.3877076,0.52466051,0.160611647,0.054015768,0.104167831,0.216101457,0.264771163,0.578909359,0.320638319,0.444985715,0.688408283,0.831672469,0,0,0,0,0,0.116515803,0.014588799,0.064276199,0.175011067,0.236716944,0.877219781,0.759768208,0.819720286,0.931532964,0.98067899,0.004467652,0.000416258,0.002204507,0.006493306,0.008337952,0,0,0,0,0
dapya_river_zam24,NaN,0.423233288,0.272933127,0.330323631,0.504316093,0.605336251,0.128514318,0.069369237,0.095584274,0.154066697,0.177771332,0.45371306,0.271791839,0.365393091,0.544719442,0.615873924,0.663691198,0.381126664,0.494993381,0.81425175,0.964764749,0.456286188,0.345285399,0.391913697,0.519701628,0.569798075,0.418464936,0.257517916,0.353643041,0.479838502,0.575285325,0.126534131,0.02057102,0.073798634,0.18350796,0.227953616,0,0,0,0,0,0.939013869,0.928210423,0.933435558,0.945273226,0.950182817,0.060986131,0.049817183,0.054726774,0.066564442,0.071789577,0,0,0,0,0,0,0,0,0,0,0.254521326,0.04895837,0.139074286,0.39877129,0.54095552,0.153750672,0.055285875,0.097261649,0.209057067,0.265375846,0.596769345,0.27510405,0.449402031,0.708072456,0.828443861,0,0,0,0,0,0.053694559,0.006605539,0.025295057,0.082965807,0.114433966,0.942211158,0.880671791,0.912349696,0.970637695,0.990007115,0.004374062,0.00049545,0.002201152,0.006385252,0.008089522,0,0,0,0,0
maloma_river_zam24,NaN,0.387791399,0.274799683,0.319953861,0.484983273,0.593737715,0.124198988,0.069858932,0.093700665,0.153605381,0.175968357,0.489921785,0.272642177,0.387531239,0.548696905,0.61153186,0.726035762,0.376960711,0.551651705,0.857048476,0.971124567,0.459315904,0.350824925,0.401058668,0.520297908,0.575484449,0.42384595,0.23874509,0.351439242,0.492180259,0.570303101,0.115893966,0.022593939,0.063830877,0.176644774,0.227159798,0,0,0,0,0,0.938536153,0.927834015,0.932742168,0.944513334,0.949526682,0.061463847,0.050473318,0.055486666,0.067257832,0.072165985,0,0,0,0,0,0,0,0,0,0,0.184507522,0.037747227,0.08919663,0.283836431,0.414553031,0.148104575,0.054061576,0.099895452,0.217823258,0.267610115,0.659789083,0.410530943,0.541036658,0.746762553,0.853925355,0,0,0,0,0,0.075151768,0.010387258,0.035592078,0.126587717,0.178267827,0.919628761,0.8175053,0.869091595,0.960542975,0.987335797,0.004336163,0.000385323,0.002118205,0.006627744,0.008325905,0,0,0,0,0
