sample_id,Ca,Mg,Na,Cl,Si,F_Ca_prec,F_Ca_prec_pct25,F_Ca_prec_pct75,F_Mg_prec,F_Mg_prec_pct25,F_Mg_prec_pct75,F_Na_prec,F_Na_prec_pct25,F_Na_prec_pct75,F_Cl_prec,F_Cl_prec_pct25,F_Cl_prec_pct75,F_Si_prec,F_Si_prec_pct25,F_Si_prec_pct75,F_Ca_bslt,F_Ca_bslt_pct25,F_Ca_bslt_pct75,F_Mg_bslt,F_Mg_bslt_pct25,F_Mg_bslt_pct75,F_Na_bslt,F_Na_bslt_pct25,F_Na_bslt_pct75,F_Cl_bslt,F_Cl_bslt_pct25,F_Cl_bslt_pct75,F_Si_bslt,F_Si_bslt_pct25,F_Si_bslt_pct75,F_Ca_carb,F_Ca_carb_pct25,F_Ca_carb_pct75,F_Mg_carb,F_Mg_carb_pct25,F_Mg_carb_pct75,F_Na_carb,F_Na_carb_pct25,F_Na_carb_pct75,F_Cl_carb,F_Cl_carb_pct25,F_Cl_carb_pct75,F_Si_carb,F_Si_carb_pct25,F_Si_carb_pct75,F_Ca_flsc,F_Ca_flsc_pct25,F_Ca_flsc_pct75,F_Mg_flsc,F_Mg_flsc_pct25,F_Mg_flsc_pct75,F_Na_flsc,F_Na_flsc_pct25,F_Na_flsc_pct75,F_Cl_flsc,F_Cl_flsc_pct25,F_Cl_flsc_pct75,F_Si_flsc,F_Si_flsc_pct25,F_Si_flsc_pct75,F_Ca_umfc,F_Ca_umfc_pct25,F_Ca_umfc_pct75,F_Mg_umfc,F_Mg_umfc_pct25,F_Mg_umfc_pct75,F_Na_umfc,F_Na_umfc_pct25,F_Na_umfc_pct75,F_Cl_umfc,F_Cl_umfc_pct25,F_Cl_umfc_pct75,F_Si_umfc,F_Si_umfc_pct25,F_Si_umfc_pct75,F_Ca_clay,F_Ca_clay_pct25,F_Ca_clay_pct75,F_Mg_clay,F_Mg_clay_pct25,F_Mg_clay_pct75,F_Na_clay,F_Na_clay_pct25,F_Na_clay_pct75,F_Cl_clay,F_Cl_clay_pct25,F_Cl_clay_pct75,F_Si_clay,F_Si_clay_pct25,F_Si_clay_pct75,F_norm_prec,F_norm_25_prec,F_norm_75_prec,F_norm_bslt,F_norm_25_bslt,F_norm_75_bslt,F_norm_carb,F_norm_25_carb,F_norm_75_carb,F_norm_flsc,F_norm_25_flsc,F_norm_75_flsc,F_norm_umfc,F_norm_25_umfc,F_norm_75_umfc,F_norm_clay,F_norm_25_clay,F_norm_75_clay
lawis_river_schopka,63,833,55,39,390,0.414964787,0.310341835,0.556308829,0.008917496,0.006574775,0.01165519,0.471862003,0.366701988,0.634162739,1.000000127,0.999999906,1.000516332,0,0,0,1.716931595,0.48095359,3.030789604,0.118331214,0.031384581,0.212456232,0.42375074,0.105142469,0.866293558,0,0,0,1.253921222,0.361519021,2.292352843,2.377044992,0.540090342,4.846498989,0.011585257,0.002607595,0.023130229,0,0,0,0,0,0,0.003291004,0.000906824,0.007216414,0.221706684,0.040507196,0.563372592,0.011470127,0.003341705,0.026052472,0.594618327,0.199967966,1.35333428,0,0,0,0.808721256,0.270828102,1.753358374,1.461931606,0.744409323,2.354224252,0.945011228,0.866052116,1.010766558,0.06647129,0.034760994,0.103348082,0,0,0,1.730867773,1.17883117,2.218719055,-6.909081525,-9.298670882,-3.444285864,-0.113825378,-0.203736457,-0.056805704,-0.848965705,-1.878986057,-0.349031006,0,0,0,-3.318813455,-4.714780221,-2.015662624,0.063192859,0.049415849,0.083058694,0.258834739,0.075525204,0.443073728,0.166574725,0.038242563,0.339757126,0.067337144,0.021254966,0.15393033,0.961044464,0.887179771,0.99999845,-0.659546783,-0.877774821,-0.355975152
bulsa_river_ds_schopka,500,612,358,41,632,0.056132474,0.043113974,0.077315508,0.012735468,0.009493403,0.017678341,0.078438717,0.06084041,0.102213071,0.999999949,0.999999875,1.000116085,0,0,0,0.270590461,0.068463583,0.470347291,0.202253731,0.057766911,0.353077632,0.08333632,0.011928182,0.240727831,0,0,0,1.090732419,0.291041997,1.587393357,1.597690852,1.192174534,2.051613102,0.083463654,0.060850695,0.109983718,0,0,0,0,0,0,0.012004292,0.008728895,0.01563455,0.224875733,0.098591183,0.441763803,0.139295225,0.079665687,0.224020016,1.013378868,0.854475173,1.264403026,0,0,0,3.358030939,2.521941292,4.387689545,0.152757238,0.068110362,0.268931507,0.924516379,0.669360515,1.28532066,0.006625644,0.003205638,0.011598828,0,0,0,0.724351479,0.49158732,1.090201357,-1.51293149,-1.886468819,-1.161918586,-0.445982558,-0.778327137,-0.203367837,-0.259060228,-0.485859128,-0.11947574,0,0,0,-4.449872738,-5.332700263,-3.54689267,0.043634815,0.034156656,0.059699731,0.207703035,0.055382094,0.359092589,0.577038222,0.431961213,0.74786754,0.404896042,0.321794458,0.540084491,0.450677612,0.32379451,0.621653864,-0.835579305,-0.973392928,-0.706153597
camiling_river_us_schopka,460,842,213,33,603,0.048884245,0.037191398,0.066710332,0.007369128,0.005592186,0.010241752,0.100795876,0.077361727,0.131680125,0.999999914,0.99999983,1.000000039,0,0,0,0.416542419,0.137314452,0.619589658,0.198900202,0.070120189,0.312737356,0.196756488,0.032082065,0.470439933,0,0,0,1.405463259,0.563163005,1.933537268,1.514088299,1.065395587,2.004810948,0.053013114,0.038592523,0.069975971,0,0,0,0,0,0,0.011036101,0.007594123,0.014484607,0.152505937,0.069907122,0.33163088,0.052441626,0.028547882,0.101001148,1.029215925,0.683392977,1.412715548,0,0,0,2.500148133,1.535188414,3.857491469,0.244300243,0.112514034,0.419987641,0.97179995,0.77195856,1.210690232,0.01813502,0.008237082,0.026726638,0,0,0,1.088160614,0.805075469,1.52452756,-1.58402792,-1.986451551,-1.175611777,-0.31785695,-0.541138189,-0.163822728,-0.445533236,-0.806499109,-0.216834094,0,0,0,-4.429876597,-5.540936603,-3.480256433,0.033086786,0.026313392,0.043192673,0.29103897,0.090089446,0.403691481,0.489313754,0.34733415,0.648996544,0.233890922,0.159258915,0.351044473,0.62168175,0.493092577,0.775231053,-0.779436969,-0.931178879,-0.641078162
malabobo_river_schopka,546,792,203,40,552,0.046077341,0.036012338,0.06079507,0.00926855,0.00664859,0.012161471,0.123614217,0.095335033,0.162655662,0.999999949,0.999999873,1.000000147,0,0,0,0.358306839,0.168512978,0.503056321,0.207033002,0.099979009,0.327985932,0.262584224,0.056670675,0.477825459,0,0,0,1.57681634,0.830609079,2.285607804,1.512213026,1.088957378,1.94526153,0.066718569,0.046729258,0.08493867,0,0,0,0,0,0,0.014033466,0.009956244,0.01821946,0.123953698,0.05619513,0.26264847,0.049828885,0.028019422,0.09500701,0.961635735,0.641131554,1.364048976,0,0,0,2.440718964,1.536160951,3.618931526,0.175782291,0.077231446,0.316837439,0.931119791,0.750676877,1.217673849,0.016478669,0.007345253,0.027010999,0,0,0,1.132224513,0.810893931,1.608842043,-1.318058173,-1.692969693,-0.995143503,-0.333004486,-0.572799865,-0.160517323,-0.487598066,-0.796357341,-0.24383758,0,0,0,-4.518746371,-5.719728236,-3.721959075,0.037466956,0.030856669,0.049297904,0.281787987,0.125637453,0.38791417,0.571525638,0.411151066,0.73130534,0.215251665,0.139982643,0.31309911,0.550026426,0.436096453,0.736892587,-0.755007131,-0.920558085,-0.615928518
dumoloc_river_schopka,698,1000,294,50,885,0.045633924,0.035915083,0.061394021,0.009334975,0.007039848,0.012549138,0.113726747,0.084515085,0.147791511,0.999999933,0.999999856,1.000000008,0,0,0,0.393464583,0.176650276,0.55957908,0.250876057,0.113693569,0.368445884,0.276287466,0.069898756,0.487880921,0,0,0,1.398032257,0.706656659,1.936146475,1.372590351,1.016533832,1.822395078,0.061850418,0.045097958,0.080457987,0,0,0,0,0,0,0.010241252,0.007516155,0.013660216,0.130332656,0.049361223,0.278211463,0.064296954,0.03549623,0.11381041,0.92433549,0.593452011,1.287489603,0,0,0,2.210927165,1.427219793,3.193864573,0.183416815,0.086064196,0.350583277,0.929465116,0.732580724,1.215734253,0.014998204,0.007419848,0.02496879,0,0,0,0.893059038,0.618940928,1.312552073,-1.311394755,-1.651354508,-1.021384933,-0.351173652,-0.615145294,-0.169260629,-0.414664714,-0.725017524,-0.186525532,0,0,0,-3.83337293,-4.706700169,-3.027787889,0.037404128,0.029984499,0.049361612,0.319241226,0.1400479,0.408901776,0.511821447,0.379326395,0.682703558,0.225622546,0.144226765,0.343416694,0.549001778,0.415928682,0.693014984,-0.752197419,-0.90949994,-0.615387627
malabobo_river_schopka,589,837,206,29,605,0.03219263,0.024920489,0.042279473,0.006138222,0.004547083,0.008274963,0.092115467,0.069146007,0.120747401,0.99999988,0.999999798,1.000000001,0,0,0,0.364417554,0.1592472,0.524984169,0.220762625,0.102169687,0.335837357,0.275313321,0.067533309,0.530917682,0,0,0,1.496725059,0.822755113,2.223958575,1.430093111,1.069341133,1.87341459,0.061938745,0.047359,0.086063507,0,0,0,0,0,0,0.012997376,0.009639213,0.017184605,0.123378937,0.049167343,0.26674711,0.057531791,0.03062931,0.100043569,0.962344522,0.638613157,1.424162064,0,0,0,2.452757849,1.549662774,3.683303479,0.176897031,0.082512278,0.30990878,0.955082601,0.747338234,1.227008617,0.020079705,0.009236799,0.030393231,0,0,0,1.135480224,0.776057507,1.628362119,-1.268520387,-1.646528286,-0.942038407,-0.361098005,-0.58396416,-0.168559457,-0.456900444,-0.761480623,-0.222532405,0,0,0,-4.536801852,-5.510938078,-3.54794643,0.026492936,0.020985964,0.034748185,0.303033061,0.130243344,0.39870975,0.548638788,0.414041475,0.716753399,0.20686506,0.133314555,0.331192437,0.560808731,0.440367833,0.713959741,-0.770049479,-0.897000656,-0.618739765
malabobo_river_schopka,581,842,191,23,614,0.027385421,0.020309007,0.036426342,0.005177846,0.003782093,0.007176753,0.079510568,0.060060489,0.110954556,0.999999839,0.999999754,0.999999958,0,0,0,0.383692559,0.209706141,0.558121385,0.212572938,0.124827784,0.331849565,0.32334625,0.083084489,0.571900636,0,0,0,1.540293089,0.910222556,2.193938828,1.411438465,1.008299326,1.792598052,0.061736079,0.043692669,0.082046803,0,0,0,0,0,0,0.012498318,0.009014187,0.016218753,0.11222232,0.052028676,0.221697708,0.047626221,0.024477001,0.093350705,0.954806911,0.603052726,1.459296834,0,0,0,2.216685766,1.497858011,3.457994841,0.200058101,0.094727072,0.326035442,1.002835271,0.779057836,1.217604968,0.02168801,0.011674393,0.031728733,0,0,0,1.131258743,0.790034748,1.533037946,-1.252325803,-1.600271123,-0.911141663,-0.387187673,-0.587423117,-0.153096648,-0.464562009,-0.851341759,-0.23756859,0,0,0,-4.293555452,-5.217320148,-3.462633608,0.022550446,0.017738632,0.029052876,0.303288126,0.157308584,0.416416445,0.541199692,0.389118163,0.691401566,0.199789592,0.122539746,0.292892831,0.601152733,0.468547701,0.742369762,-0.740643093,-0.881819489,-0.607439854
lawis_river_schopka,44,850,51,41,421,0.600793668,0.457995308,0.778074545,0.008976892,0.006862832,0.0120526,0.5437173,0.415938569,0.71418885,1.000000269,0.999999779,1.000198226,0,0,0,2.528134296,0.961134788,4.434400613,0.128720066,0.045376486,0.226154994,0.4953407,0.134521329,0.994234455,0,0,0,1.244110298,0.479814448,2.235521813,3.136019535,0.811117523,6.441091986,0.010097473,0.002499531,0.021317155,0,0,0,0,0,0,0.003030456,0.000739205,0.00620524,0.234264653,0.047943453,0.700165442,0.007766089,0.001935656,0.021810575,0.519153856,0.133287553,1.294828045,0,0,0,0.555432442,0.141549444,1.293511978,1.912897296,0.906777418,3.10816703,0.924096377,0.844921778,0.991479172,0.079129405,0.041096903,0.107961634,0,0,0,1.661789584,1.146849337,2.161740072,-9.711948142,-13.02122792,-5.030147406,-0.093710589,-0.185998181,-0.037097483,-0.919034642,-1.799898045,-0.336108091,0,0,0,-2.997504273,-4.178706529,-1.831411767,0.065935667,0.053191463,0.086593783,0.273756167,0.11745336,0.46609681,0.154671047,0.039903179,0.320546599,0.051913662,0.015760997,0.123484044,0.965140576,0.868780338,0.99999936,-0.633128118,-0.858687745,-0.360693498
lawis_river_schopka,53,1291,55,38,729,0.476888042,0.353087421,0.633809211,0.005329211,0.004138173,0.007230811,0.455022099,0.349422622,0.59895228,1.000000153,0.999999695,1.000073529,0,0,0,2.931997897,1.000692533,5.754689538,0.115537963,0.031965676,0.231942294,0.554651551,0.143905631,1.145993463,0,0,0,1.027539475,0.305524337,1.904237876,2.792089736,0.508224237,7.174529266,0.007251296,0.001377107,0.018288791,0,0,0,0,0,0,0.001834537,0.00033674,0.004947531,0.331415411,0.067659779,1.157244318,0.008682705,0.002650248,0.021123246,0.702084045,0.262228927,1.762534083,0,0,0,0.518459851,0.169324794,1.287500612,2.09709755,1.004218464,3.899931205,0.915356855,0.836334273,0.988210076,0.099677017,0.054835134,0.151698252,0,0,0,1.338315904,0.98653052,1.75933938,-10.89140667,-15.98053763,-4.989841469,-0.082434783,-0.15979413,-0.035755775,-1.169937089,-2.648671155,-0.327673364,0,0,0,-2.5031399,-3.558738401,-1.293826436,0.040572351,0.03281746,0.053978658,0.245927868,0.088590854,0.479272853,0.112665261,0.020463615,0.287998296,0.054559611,0.019508422,0.141277745,0.975858123,0.886366861,0.999999411,-0.610185004,-0.840632976,-0.305164015
bulsa_river_ds_zam22,481.2116373,580.0452582,326.7540444,57.25890616,526.6334342,0.08063051,0.062821376,0.104966267,0.018871941,0.014187647,0.024937682,0.116416045,0.091645569,0.167516016,1.000000003,0.999999941,1.000813011,0,0,0,0.312885794,0.084319053,0.572121579,0.235975513,0.071882471,0.40250731,0.10289818,0.01397141,0.303125794,0,0,0,1.328916572,0.448293791,2.131863218,1.521238737,1.048481597,1.939031646,0.079732813,0.055000094,0.103370541,0,0,0,0,0,0,0.012771353,0.008813719,0.016555682,0.200486428,0.086039547,0.457725215,0.129162754,0.066101452,0.203944738,0.957921429,0.697867502,1.17370133,0,0,0,3.539463646,2.40239949,4.596945573,0.148614614,0.065702634,0.272073908,0.938828703,0.642482418,1.312421278,0.007399708,0.003310565,0.013080759,0,0,0,0.857215695,0.511527575,1.268455557,-1.465835707,-1.866042333,-1.121191144,-0.46565439,-0.822552366,-0.214954698,-0.258242366,-0.433793115,-0.135608049,0,0,0,-4.975658178,-6.204008149,-4.067932864,0.066254971,0.051570614,0.084056544,0.264710525,0.071011649,0.399741845,0.559179609,0.386419991,0.715312836,0.365476852,0.269945394,0.491961706,0.448575443,0.310670359,0.645383746,-0.865312018,-0.992589967,-0.683475833
bulsa_river_us_zam22,456.5098059,571.5696359,297.65,36.10413787,561.9013708,0.052649182,0.040054846,0.068882186,0.012004648,0.008562233,0.015815429,0.079461492,0.062647745,0.107300379,0.999999952,0.999999883,1.001595515,0,0,0,0.288398413,0.076455832,0.506333353,0.18639178,0.046403042,0.346835781,0.083175864,0.011743237,0.267529976,0,0,0,1.053294231,0.334406569,1.702615871,1.621106439,1.152156524,2.010142755,0.08343677,0.058783178,0.104906076,0,0,0,0,0,0,0.012257913,0.008835159,0.015890842,0.195479661,0.082639621,0.398219576,0.116734402,0.05773663,0.194301723,1.023229428,0.832877727,1.284388247,0,0,0,3.124836857,2.203947388,4.381237706,0.163505331,0.070014511,0.295901361,0.959480165,0.689004119,1.309453818,0.008063801,0.003653749,0.014427671,0,0,0,0.803458091,0.522389236,1.252235605,-1.51230871,-1.904292007,-1.12800268,-0.438700697,-0.719171359,-0.199208671,-0.276114417,-0.493298507,-0.136653709,0,0,0,-4.318732662,-5.389834635,-3.442042786,0.04180534,0.032693557,0.055231,0.223725555,0.061905141,0.378673895,0.594308785,0.422393638,0.739621692,0.369958455,0.266522593,0.493377874,0.463611159,0.345349229,0.661109378,-0.857246976,-0.983196365,-0.697168069
camiling_river_ds_zam22,510.9661161,894.1164369,258.27,94.63233013,453.4448994,0.125757402,0.098974343,0.177256752,0.021177083,0.015303517,0.028790971,0.254698838,0.192534349,0.343026461,1.00000009,0.999999984,1.000000578,0,0,0,0.404192253,0.221004601,0.583547504,0.201329173,0.09829678,0.320835337,0.226746861,0.062050031,0.428811786,0,0,0,2.093572918,1.185616915,2.856062747,1.49722709,0.964243066,1.935451635,0.053928943,0.033967744,0.069753292,0,0,0,0,0,0,0.015851995,0.010038277,0.020742359,0.127119976,0.054363001,0.275539659,0.047781231,0.025934277,0.086770088,0.763975587,0.463184119,1.09482632,0,0,0,3.023001733,1.83823985,4.641548318,0.242437981,0.1056189,0.40783246,0.950542686,0.785867399,1.233407553,0.016850803,0.007832983,0.024251878,0,0,0,1.566196143,1.134591379,2.21782827,-1.527169836,-1.908426437,-1.158908585,-0.356899675,-0.571520213,-0.161175798,-0.342856216,-0.6259301,-0.166183429,0,0,0,-6.385125941,-7.641452934,-4.856389693,0.091940933,0.071864228,0.119915235,0.290446051,0.141583982,0.395729453,0.489870681,0.315827671,0.631233669,0.201388817,0.121329976,0.296544627,0.602933198,0.475933281,0.772516466,-0.773553295,-0.935774455,-0.617661648
malabobo_river_zam22,560.4321573,739.1894672,247.18,47.52771275,531.0842087,0.057515211,0.042439444,0.076957112,0.012052125,0.008885911,0.016696356,0.122328503,0.097920582,0.173475263,0.99999999,0.999999903,1.000000186,0,0,0,0.327338557,0.119132732,0.491046384,0.210413456,0.072285515,0.359610241,0.174720498,0.030177724,0.426455294,0,0,0,1.562733936,0.579187862,2.313982797,1.51045023,1.042366573,1.879178895,0.071911364,0.051213527,0.092624522,0,0,0,0,0,0,0.015061846,0.010099468,0.01910796,0.138754237,0.05154437,0.296727192,0.072001968,0.039132726,0.131682499,0.954870985,0.667260655,1.294196407,0,0,0,2.948548623,1.905504158,4.288715573,0.178568875,0.076786572,0.290998449,0.985601178,0.722609401,1.265358686,0.013341783,0.006730112,0.022101154,0,0,0,1.076530648,0.768912495,1.619037461,-1.328076599,-1.650837172,-1.023115989,-0.402749434,-0.666018065,-0.200460518,-0.368925082,-0.685478156,-0.172509257,0,0,0,-5.096521628,-6.150921852,-4.080325488,0.045872656,0.036591991,0.063299052,0.283322415,0.097464596,0.394806102,0.578300105,0.403927144,0.727682973,0.252881492,0.165306896,0.376380119,0.549177176,0.402714798,0.691435434,-0.801166241,-0.940129978,-0.638311092
bayaoas_river_zam22,603.4358002,792.5529726,216.23,65.86184526,746.0032046,0.069956451,0.054840074,0.094007127,0.015320518,0.011355601,0.020694604,0.204785846,0.15813585,0.270167193,0.999999975,0.999999922,1.000000065,0,0,0,0.346077434,0.189805975,0.480448986,0.229970146,0.124755822,0.338008654,0.277367764,0.063340155,0.433511501,0,0,0,1.237190186,0.741759384,1.740157079,1.291256507,0.939075608,1.704438072,0.061682598,0.04536125,0.083213291,0,0,0,0,0,0,0.00978543,0.007146195,0.012770396,0.114219383,0.045142535,0.240650003,0.054110004,0.028928923,0.100826145,0.827401734,0.534741916,1.23274599,0,0,0,1.837327652,1.099664871,2.762795294,0.167254806,0.074054836,0.279970417,0.906918464,0.730957994,1.145662623,0.014959431,0.006764448,0.025346002,0,0,0,0.806061603,0.573555982,1.099778266,-1.124605177,-1.432271331,-0.827353816,-0.326861039,-0.496109891,-0.149206312,-0.373920809,-0.761866608,-0.178244867,0,0,0,-3.110113645,-4.110500186,-2.529194353,0.062186119,0.050063148,0.082638969,0.29584171,0.164551246,0.389416426,0.51503406,0.375170015,0.680327002,0.189730263,0.120801775,0.299501053,0.51117041,0.404301831,0.65476525,-0.683446151,-0.860471635,-0.523538092
dumoloc_river_zam22,756.3625929,809.0722074,389.63,61.6308916,769.2540502,0.052542397,0.04033034,0.073264199,0.013604648,0.009810065,0.019601114,0.101585497,0.079004573,0.141165215,0.999999958,0.999999893,1.000000091,0,0,0,0.336601621,0.145602563,0.495998243,0.270214593,0.131153389,0.404040408,0.156038899,0.037825976,0.347160705,0,0,0,1.431451898,0.701995876,2.092021828,1.450522832,1.133198457,1.762909067,0.086733493,0.066811159,0.109989014,0,0,0,0,0,0,0.013436155,0.010262534,0.016922224,0.148034317,0.059608192,0.296451529,0.102144958,0.057160387,0.167586388,0.953537629,0.728394753,1.278099586,0,0,0,3.092717324,2.110999433,4.097016479,0.114174503,0.048925002,0.22022602,0.902682399,0.640826112,1.212610251,0.007951127,0.00349687,0.013726014,0,0,0,0.76265984,0.492160367,1.12911521,-1.26464316,-1.537925384,-1.024540334,-0.440321496,-0.73774159,-0.21486449,-0.294167627,-0.558702214,-0.144236596,0,0,0,-4.639448088,-5.659880532,-3.754188086,0.045684702,0.037276776,0.064444171,0.284959491,0.129072628,0.39169998,0.600149057,0.468880114,0.729534071,0.307902248,0.213897312,0.431726061,0.436198644,0.307318758,0.587515528,-0.787083408,-0.959302642,-0.657340528
mapita_river_zam22,761.2031538,840.5266406,297.68,35.68104251,852.9642158,0.030206219,0.023268705,0.04210809,0.007742869,0.006005574,0.011251258,0.078778066,0.061020562,0.108369349,0.999999907,0.999999815,1.000000001,0,0,0,0.328678739,0.190756784,0.487822203,0.263602746,0.148620935,0.384558418,0.255132278,0.059240065,0.449639846,0,0,0,1.310839207,0.871197766,1.7714352,1.324233643,1.000058544,1.721109031,0.07832567,0.057798121,0.100588922,0,0,0,0,0,0,0.010861394,0.008316571,0.014192654,0.13324579,0.057465718,0.27370836,0.072736734,0.040979352,0.138166917,0.993889341,0.677421211,1.332783414,0,0,0,2.409751084,1.586739723,3.235861752,0.141259771,0.068516974,0.246269914,0.906726429,0.710808643,1.215124255,0.012188924,0.005452321,0.021484829,0,0,0,0.731569778,0.519145149,1.110960106,-1.117000259,-1.443503505,-0.838087151,-0.41019617,-0.659806822,-0.198439414,-0.409032057,-0.681860038,-0.169111781,0,0,0,-3.723895577,-4.684241955,-2.951823332,0.027768062,0.022834807,0.037495991,0.30609233,0.163303311,0.40231833,0.563751172,0.428088135,0.734053909,0.262327883,0.178472629,0.372278305,0.464588759,0.359116449,0.634414162,-0.745979545,-0.894540143,-0.585551201
pmb1_zam22,815.1105345,1766.220942,164.79,101.5428878,597.0268827,0.082536392,0.063054843,0.10800893,0.010562638,0.007732898,0.013685239,0.394099141,0.297964778,0.537152504,1.000000031,0.999999925,1.000000283,0,0,0,0.360496447,0.19386229,0.572454941,0.141431801,0.071549771,0.25965352,0.393507929,0.214160375,0.706279757,0,0,0,2.122359071,1.204358672,3.505216838,1.279961766,0.902768247,1.780656712,0.037945354,0.026540886,0.052416354,0,0,0,0,0,0,0.016712364,0.011419787,0.023582986,0.067648478,0.023262513,0.170907163,0.018341586,0.007797179,0.039301461,0.662207484,0.367210156,1.320236219,0,0,0,1.772002736,0.839257213,3.196562695,0.297742551,0.146419788,0.47213765,0.963001076,0.845697897,1.111587579,0.049347835,0.024582031,0.076459355,0,0,0,2.415193015,1.696376413,3.192647924,-1.295317598,-1.705358241,-0.844984892,-0.211807844,-0.359015797,-0.098986704,-0.820708091,-1.618063701,-0.323004908,0,0,0,-6.201650162,-8.08152876,-4.66614069,0.055787256,0.044047111,0.072394596,0.227451586,0.125311471,0.378185865,0.404068781,0.286414143,0.562627327,0.08203319,0.040361116,0.161835799,0.72325799,0.618759569,0.830878745,-0.620993248,-0.789535029,-0.437667634
pmb2_zam22,1058.797844,1924.830282,142.17,83.06772346,737.6357486,0.051996634,0.040046335,0.067775212,0.008056328,0.00603929,0.010850159,0.390645905,0.290401301,0.524163093,0.999999985,0.999999887,1.000000147,0,0,0,0.296144141,0.134563373,0.483324988,0.134047364,0.06379617,0.255886718,0.466569183,0.273634872,0.855938389,0,0,0,1.813880526,0.854318081,3.020566223,1.233501573,0.930726402,1.583142939,0.044457159,0.033548597,0.056144889,0,0,0,0,0,0,0.016915963,0.012397179,0.021385823,0.042938294,0.013617392,0.104872628,0.014551332,0.006199732,0.032347354,0.689314725,0.347855168,1.632632407,0,0,0,1.296272146,0.578409957,2.862765991,0.254219505,0.106389437,0.417932565,0.981829229,0.862110369,1.115785804,0.059828184,0.030655297,0.099550179,0,0,0,2.030368467,1.485729822,2.735331919,-1.00065106,-1.451630791,-0.678446674,-0.210409913,-0.350936618,-0.090950145,-0.96330465,-2.095219266,-0.330801311,0,0,0,-5.167499693,-7.11023532,-3.333014416,0.040293272,0.032054037,0.053174422,0.214615311,0.105061416,0.374587328,0.444896683,0.33737714,0.56982533,0.062052018,0.027790901,0.135116478,0.699602232,0.592180024,0.800404327,-0.575274588,-0.741610425,-0.370181105
pmb4_zam22,1001.908778,1782.657889,124.71,98.01709305,471.03436,0.068316794,0.054069513,0.08693502,0.010404548,0.007672545,0.01371387,0.522433789,0.38683872,0.719033223,1.000000127,0.99999994,1.000000468,0,0,0,0.229460338,0.105707921,0.435093697,0.115618745,0.046787697,0.22162567,0.417406117,0.194210421,0.851804662,0,0,0,2.438528737,0.996572331,4.31252941,1.246190456,0.934188974,1.618912856,0.04481927,0.033860719,0.059556619,0,0,0,0,0,0,0.024627105,0.018660666,0.032741887,0.035459133,0.012005336,0.099914411,0.014120338,0.004574163,0.036473792,0.624171215,0.283006876,1.724898027,0,0,0,1.608274702,0.56861498,3.544660183,0.251113889,0.11302963,0.416423187,0.974763397,0.858440942,1.119241853,0.06709625,0.031773405,0.103438259,0,0,0,3.167776564,2.180763431,4.067616816,-1.006340449,-1.399528876,-0.632047213,-0.189099032,-0.355320157,-0.073171049,-1.019347316,-2.336049297,-0.312834663,0,0,0,-7.615355941,-10.31958075,-4.875164439,0.051782684,0.040754682,0.068893455,0.178204632,0.080729703,0.323409242,0.459357969,0.341884522,0.593196947,0.056532768,0.022316733,0.124715518,0.698158594,0.603537792,0.799182186,-0.584278385,-0.72878877,-0.345293918
pmb3_zam22,984.4428365,1789.775766,109.51,92.93994866,663.7884992,0.060057846,0.048507911,0.079166567,0.009946207,0.007246244,0.013327593,0.583637545,0.443039231,0.786253408,1.000000023,0.999999904,1.000000376,0,0,0,0.233284963,0.075023367,0.436497126,0.117075742,0.032473021,0.225364138,0.398966558,0.140456844,0.840759581,0,0,0,1.536439818,0.533326861,2.941685667,1.165200212,0.870254846,1.560458033,0.040178247,0.030580165,0.054671898,0,0,0,0,0,0,0.016240325,0.01216842,0.021132064,0.032034687,0.010195508,0.088075284,0.011653004,0.004314354,0.028325739,0.732967805,0.257418246,1.82173789,0,0,0,1.08962374,0.407897535,2.455297522,0.253087469,0.119705214,0.414531773,0.974152641,0.869868461,1.104067531,0.075926282,0.038681631,0.120828761,0,0,0,2.216038353,1.527166634,3.037297111,-0.943465495,-1.355507318,-0.55880089,-0.17583188,-0.337200018,-0.073633592,-1.220796282,-2.51427354,-0.348049925,0,0,0,-5.332035828,-6.975222584,-3.026460335,0.048984517,0.039740482,0.06549998,0.17844792,0.059732957,0.331735156,0.424098691,0.319005835,0.56460661,0.052770358,0.018866718,0.120854813,0.702202772,0.60035963,0.818629269,-0.550436977,-0.715810787,-0.312964817
sc7_zam22,60.94365986,1283.563053,262.42,263.8704764,474.5593733,2.922200913,2.150639358,3.918214249,0.037869523,0.027711288,0.052955134,0.734944407,0.560047156,0.965687947,1.000001114,0.999998472,1.008494414,0,0,0,2.709499634,0.269569381,5.053534928,0.109261222,0.0121321,0.23146382,0.125383207,0.010519403,0.310681011,0,0,0,1.566217736,0.208091741,3.095648982,2.861345644,0.2116058,6.513079704,0.009126754,0.000589295,0.02103258,0,0,0,0,0,0,0.003503427,0.000277695,0.008226927,0.597043592,0.18629309,1.520805904,0.01885934,0.006805459,0.038977477,0.37117065,0.124772068,0.72052736,0,0,0,1.714358193,0.717261771,3.526179799,2.339675711,1.062088863,4.089557788,0.94185194,0.83149383,1.038797187,0.019985141,0.01000041,0.033280852,0,0,0,2.107957049,1.511984085,2.78603321,-14.18320313,-17.02019897,-9.501690243,-0.157529636,-0.266645605,-0.066857209,-0.404638549,-0.737485094,-0.188100811,0,0,0,-5.282053717,-6.878132325,-4.004512496,0.264723602,0.203734061,0.340585624,0.224373827,0.023334363,0.422514831,0.116357878,0.008495988,0.263368317,0.112376227,0.042166002,0.205243225,0.872656966,0.752581676,0.991064976,-0.781692602,-0.976815545,-0.576259261
lawis_river_zam22,233.6942961,995.926764,120.53,52.04072998,487.9651059,0.146685419,0.113190804,0.195718631,0.009543198,0.007087199,0.012685862,0.288393125,0.21796898,0.373152851,1.000000016,0.999999931,1.000000243,0,0,0,0.757126812,0.385086271,1.130718422,0.152333042,0.075423526,0.243941739,0.38297056,0.118468367,0.667325856,0,0,0,1.569078207,0.83541685,2.461407199,1.662233978,0.972396384,2.572614594,0.024554314,0.014881107,0.039734504,0,0,0,0,0,0,0.007420461,0.004362776,0.012074475,0.179641456,0.061159549,0.386409884,0.02420645,0.010998592,0.05405608,0.797769583,0.398229348,1.475787693,0,0,0,1.702749424,0.830190484,2.76776185,0.53153096,0.218462308,0.914613569,0.969065899,0.856529195,1.086549582,0.038128763,0.02054585,0.058094077,0,0,0,1.638836072,1.181839623,2.160364091,-2.73358627,-3.381438416,-1.8829702,-0.1883949,-0.328984243,-0.095206171,-0.637902753,-1.243710372,-0.28329625,0,0,0,-4.266350967,-5.391603227,-3.343262555,0.058710569,0.046067343,0.076005505,0.295080421,0.147419362,0.426578534,0.305638957,0.178131499,0.475757243,0.130087722,0.066431755,0.230629422,0.823623989,0.712803489,0.944519813,-0.729230045,-0.867962647,-0.545356493
masinloc_river_zam22,226.8077249,684.4270726,358.42,95.46767227,420.8652306,0.281704811,0.207277957,0.381888977,0.026097711,0.018738481,0.034362559,0.185885799,0.142787051,0.253540229,1.0000001,1.00000001,1.006161293,0,0,0,0.420049646,0.058218057,0.838733343,0.121558672,0.017345638,0.259715802,0.052265978,0.004689277,0.174090966,0,0,0,1.117280035,0.162073973,2.00520401,2.183134273,1.387855182,3.138308838,0.046530287,0.029071205,0.068349129,0,0,0,0,0,0,0.010946053,0.006719663,0.015898113,0.367326156,0.175260033,0.715806388,0.093286638,0.053145249,0.159435806,0.930575067,0.762909001,1.121324589,0,0,0,4.152735882,2.866122101,5.565084184,0.409355455,0.186240094,0.685661154,0.973309849,0.745310474,1.237014969,0.008612923,0.004425078,0.014874276,0,0,0,1.27265327,0.919237008,1.811632658,-3.153510893,-3.844188762,-2.516501014,-0.342909183,-0.568037434,-0.162706831,-0.254221559,-0.437125531,-0.112802973,0,0,0,-6.003796077,-7.268948763,-4.995049916,0.117084758,0.092783361,0.160532159,0.172195213,0.023237809,0.346444691,0.417105179,0.262909469,0.600491448,0.394491883,0.307661581,0.515278645,0.612163052,0.469888808,0.775131056,-0.903240408,-0.99999814,-0.761048062
salasa_river_zam22,268.2144818,1023.61654,1505.02,2321.665303,418.1947659,3.633914885,3.055700737,4.399971491,0.317180236,0.238484806,0.389671169,0.875547826,0.755923586,0.966271905,0.975676809,0.924097864,1.000003654,0,0,0,0.128701558,1.16E-05,1.554211104,0.036370054,3.00E-06,0.342887707,0.003180516,5.20E-07,0.060322273,0,0,0,0.512074336,3.48E-05,4.73708401,0.038917806,6.50E-06,1.342903463,0.000631363,1.13E-07,0.021756453,0,0,0,0,0,0,0.000237247,3.84E-08,0.007763169,0.457415347,0.177987842,0.956972061,0.083113223,0.037426998,0.154869775,0.218414056,0.117656094,0.373001294,0,0,0,7.501722868,4.333404456,11.15402352,0.318470434,0.119622371,0.596355152,0.765348408,0.454589921,1.15539883,0.002008614,0.000767116,0.003619661,0,0,0,1.589300749,0.933491985,2.634885167,-5.448190909,-6.854593159,-4.017901706,-0.409034089,-0.749176749,-0.172262158,-0.14963975,-0.233721026,-0.070503436,0,0,0,-11.22408512,-14.46815656,-8.68064907,0.95286879,0.887151693,0.999998548,0.028950301,2.51E-06,0.350893008,0.003980545,6.66E-07,0.136473169,0.218837989,0.117922084,0.338311469,0.314100271,0.189857683,0.471475018,-0.888386214,-0.999987651,-0.633706012
bagsit_river_zam22,160.611807,1033.552767,125.97,59.09231941,448.0505608,0.240474897,0.180347617,0.31578663,0.010707897,0.007547588,0.013943703,0.324064703,0.234667951,0.438924717,1.000000069,0.999999944,1.000041808,0,0,0,1.135644451,0.552785478,1.596968588,0.156292569,0.066562412,0.268642731,0.356152868,0.082890815,0.618248926,0,0,0,1.868242971,0.886104457,2.81520455,1.958875741,1.057100266,3.369766978,0.019213457,0.010678394,0.034323369,0,0,0,0,0,0,0.006508378,0.003648555,0.011405996,0.20259594,0.071863574,0.520099306,0.024168277,0.010133622,0.047303985,0.771158277,0.385064596,1.369681948,0,0,0,1.699787366,0.864492383,2.937532913,0.771310171,0.374601225,1.283668882,0.940471978,0.833610541,1.04927847,0.040799697,0.018628502,0.058575641,0,0,0,1.70517702,1.234377932,2.360699259,-3.936792493,-5.041962495,-2.848349305,-0.158855388,-0.293241695,-0.071687089,-0.610981381,-1.149801359,-0.278825711,0,0,0,-4.838324562,-5.99482589,-3.776052038,0.069063084,0.053608445,0.091008676,0.309282381,0.144551776,0.466721346,0.251552758,0.137518387,0.437735716,0.134857911,0.06622306,0.223697314,0.865078613,0.734690976,0.961705565,-0.735879672,-0.920757017,-0.552061666
bancal_river_zam22,8297.320226,42813.82432,57166.73,90944.34886,3910.272387,4.387386743,3.727075547,5.275120938,0.283038412,0.20776418,0.35435333,0.931463154,0.810738044,1.021615394,0.97951704,0.922685011,1.000005926,0,0,0,0.392052155,0.000271418,2.090261311,0.069620487,6.36E-05,0.376948294,0.009011393,9.12E-06,0.058620315,0,0,0,3.743225548,0.003791784,20.60795561,0.110987325,9.23E-05,1.380632121,0.001279764,1.16E-06,0.017763245,0,0,0,0,0,0,0.002154685,1.79E-06,0.027260042,0.506698716,0.219667251,1.141799315,0.055962982,0.023793582,0.115196275,0.172333785,0.078575071,0.316889306,0,0,0,24.76213432,12.34908874,41.55367914,0.422297825,0.173558009,0.834167759,0.840224272,0.519829998,1.141316867,0.002420064,0.000968429,0.004816325,0,0,0,7.344698728,4.568264708,11.16222044,-7.211344011,-8.656123726,-5.272246006,-0.364633191,-0.63906309,-0.154662378,-0.15148923,-0.243690881,-0.07184488,0,0,0,-46.59359291,-60.57189612,-34.76911512,0.961472335,0.901228386,0.999864037,0.070462659,5.33E-05,0.37592595,0.00905116,7.56E-06,0.113253766,0.17560406,0.081260358,0.296408893,0.372693185,0.238168946,0.508456744,-0.844756441,-0.99922183,-0.645371204
bucao_river_zam22,827.6984879,850.6274429,1024.09,476.8284771,773.0995193,0.416737143,0.305891897,0.538821183,0.110008886,0.084520085,0.15393365,0.369984556,0.266031581,0.505207793,1.000000423,1.000000092,1.021412684,0,0,0,0.260274953,2.39E-05,0.454581626,0.217891646,2.31E-05,0.396996946,0.048968373,6.81E-06,0.133140749,0,0,0,1.236293657,0.000108863,2.123540278,1.365290936,0.927740493,1.931753837,0.085567127,0.055853219,0.121011388,0,0,0,0,0,0,0.01382605,0.009206013,0.020360835,0.258629241,0.107763616,0.541885736,0.16995952,0.096962521,0.290890566,0.717968576,0.470662684,0.859294315,0,0,0,5.337448406,3.783047531,7.11095313,0.118800626,0.044747021,0.227100568,0.915034638,0.523634166,1.401109722,0.003045951,0.001303472,0.005844497,0,0,0,0.788923452,0.450976581,1.348839738,-1.742534056,-2.143779073,-1.299633998,-0.630136492,-1.073029662,-0.262368474,-0.163605126,-0.286748856,-0.090317605,0,0,0,-6.893436889,-8.478990402,-5.726425172,0.304540661,0.235300286,0.412319528,0.189169537,1.69E-05,0.301030993,0.442940628,0.303555764,0.628322354,0.410611517,0.30665645,0.544835964,0.327091428,0.187143057,0.503327564,-0.905425047,-0.999998726,-0.713549224
maloma_river_zam22,280.7899596,860.4813824,304.87,91.95272614,761.1180345,0.222648609,0.166242981,0.298805572,0.02019319,0.015620583,0.027657755,0.208251506,0.153485751,0.282635116,1.000000026,0.999999969,1.000000289,0,0,0,0.636541181,0.267692895,0.961256139,0.178404282,0.0707226,0.302225842,0.145603828,0.029678845,0.301163863,0,0,0,1.048365903,0.499924353,1.623170802,1.772509774,0.946104427,2.567407397,0.036528573,0.020009986,0.052277746,0,0,0,0,0,0,0.005994199,0.003212425,0.009072693,0.284912809,0.133424768,0.582944071,0.071224525,0.039317742,0.116900816,0.865635751,0.638712156,1.124551654,0,0,0,2.185152832,1.495637271,3.020359911,0.36484079,0.196611565,0.663643131,0.942761691,0.765931924,1.173705174,0.01349583,0.007145834,0.021377597,0,0,0,0.872781932,0.61384113,1.213341826,-2.686007666,-3.335262487,-1.975554114,-0.305194006,-0.480802117,-0.129511771,-0.298604407,-0.510133254,-0.144597267,0,0,0,-3.324683949,-4.222867431,-2.6567092,0.099676342,0.077019693,0.132455963,0.276435485,0.118436108,0.399534085,0.36644087,0.195729368,0.531120315,0.298101205,0.203789976,0.40713537,0.653288342,0.519826433,0.804016458,-0.818521315,-0.958286527,-0.68922749
bulsa_river_us_zam23,447.3027596,529.0886649,290.4397365,57.40783573,748.7448816,0.081579502,0.063192141,0.110733515,0.019855419,0.014496487,0.02709014,0.130573733,0.106375825,0.171224204,0.99999997,0.999999927,1.00081783,0,0,0,0.357122377,0.107075274,0.516784513,0.265805901,0.075628276,0.398909358,0.134921465,0.017783056,0.305341977,0,0,0,0.906695221,0.36284498,1.334195884,1.375031048,0.973545487,1.815855554,0.076462502,0.052091639,0.099795143,0,0,0,0,0,0,0.007815752,0.005433049,0.010352309,0.215292883,0.086927935,0.414680668,0.115433858,0.056818253,0.206363553,0.949993353,0.746625007,1.213267721,0,0,0,2.353790037,1.565011359,3.189634296,0.147385556,0.068280345,0.261944392,0.893840911,0.664868525,1.197139124,0.007311226,0.003127512,0.011978075,0,0,0,0.532873635,0.331819345,0.797282372,-1.320755329,-1.772152348,-1.034154675,-0.438913479,-0.721746985,-0.229410235,-0.289537694,-0.511977754,-0.137754986,0,0,0,-3.004816982,-3.819663197,-2.360355768,0.068716697,0.054134474,0.086972249,0.291795007,0.086361009,0.400764517,0.514562805,0.365764991,0.683539946,0.365005303,0.252397144,0.498395323,0.438831908,0.32574444,0.594840872,-0.808582225,-0.993370424,-0.652367591
camiling_river_ds_zam23,397.3002645,665.7889323,183.9059996,82.68975827,617.5894606,0.137184278,0.103731809,0.188060024,0.023342373,0.017373038,0.030756392,0.308708963,0.243745221,0.433474422,1.000000011,0.999999957,1.000000148,0,0,0,0.394765083,0.211524666,0.574198252,0.204207966,0.105165366,0.316154093,0.228220821,0.06080338,0.437881493,0,0,0,1.174008103,0.627182242,1.712806367,1.281189945,0.86199867,1.757626028,0.048457707,0.033787533,0.065141519,0,0,0,0,0,0,0.007739516,0.005205399,0.010500413,0.120677614,0.04589655,0.261278467,0.044088563,0.022676113,0.083236425,0.733993652,0.429569846,1.122294522,0,0,0,1.694867406,0.902232623,2.656107757,0.226965359,0.100880738,0.382323295,0.923463075,0.759534102,1.157989352,0.015624088,0.007767119,0.0268417,0,0,0,0.87788873,0.57901247,1.211654573,-1.389653628,-1.767780194,-0.992375206,-0.289928535,-0.510884576,-0.118648334,-0.430100818,-0.779453882,-0.180951073,0,0,0,-3.069728226,-3.884467746,-2.341471383,0.103387713,0.081970308,0.138511022,0.283708271,0.157226174,0.389704925,0.43263415,0.293067816,0.594639449,0.182334495,0.108758363,0.293492032,0.577702731,0.455905984,0.726450504,-0.713779068,-0.896314377,-0.53109806
malabobo_river_zam23,408.5034183,525.5297264,160.833185,57.83177728,601.4954602,0.093594308,0.071777376,0.12899149,0.020332366,0.015080111,0.026456279,0.23837352,0.187242924,0.319015362,0.999999983,0.999999938,1.000000066,0,0,0,0.379980953,0.22337446,0.517292569,0.244425414,0.131774274,0.370595052,0.259158196,0.074039048,0.462208127,0,0,0,1.083627794,0.613052576,1.584979426,1.178493617,0.88968274,1.634155286,0.061733722,0.042607191,0.082549602,0,0,0,0,0,0,0.007830947,0.005784372,0.010592526,0.099582704,0.039717755,0.211960542,0.061231381,0.031543821,0.09089141,0.760885149,0.489916084,1.137782185,0,0,0,1.603533765,0.962180245,2.453787323,0.163009505,0.076424965,0.264990586,0.892360546,0.715156884,1.162549665,0.014583678,0.006317516,0.022794021,0,0,0,0.646561591,0.435213182,1.009037446,-1.119498671,-1.45259026,-0.792188341,-0.327796919,-0.590253814,-0.128241393,-0.354522799,-0.669182674,-0.166624836,0,0,0,-2.568953028,-3.345496677,-1.998258268,0.08068508,0.062968206,0.10509325,0.304617215,0.187839917,0.421262162,0.470908197,0.35103497,0.646381062,0.194922501,0.124945338,0.286505783,0.500725911,0.389433391,0.644226853,-0.686541025,-0.858130727,-0.511471388
bayaoas_river_zam23,573.6064674,711.4996914,186.6120705,83.2803994,919.8148478,0.099674456,0.073874873,0.132386445,0.022539976,0.016865874,0.031479605,0.294978018,0.230609669,0.427627784,0.999999981,0.999999943,1.000000058,0,0,0,0.339125901,0.195951648,0.488715114,0.231298881,0.127936945,0.355893309,0.28772082,0.071393734,0.462362337,0,0,0,0.971749717,0.563307522,1.37570232,1.088467245,0.77157488,1.394538229,0.055614362,0.040096308,0.072026411,0,0,0,0,0,0,0.00639124,0.004481893,0.008320835,0.086001592,0.033939471,0.201819261,0.045996088,0.021886755,0.087311213,0.666526827,0.442405922,1.041132794,0,0,0,1.123354958,0.628646167,1.9005666,0.154212849,0.071292905,0.245448573,0.898098393,0.698073691,1.089820614,0.015555131,0.007481009,0.026402609,0,0,0,0.585853467,0.395610717,0.807740007,-0.955093408,-1.213771711,-0.591939816,-0.262701038,-0.470813586,-0.106139288,-0.399742461,-0.71428843,-0.16254888,0,0,0,-1.985898923,-2.655337219,-1.422437888,0.088174991,0.067536611,0.124227232,0.291881166,0.175837767,0.408426251,0.45280682,0.320103788,0.575537293,0.154716703,0.091754502,0.24398916,0.489248247,0.394967019,0.605036158,-0.600463567,-0.764877889,-0.388279343
mapita_river_zam23,762.7875642,797.4490846,283.5677408,78.91461936,1060.850988,0.070210108,0.052819312,0.095020655,0.018747114,0.014098645,0.025828959,0.188416353,0.142183254,0.256622622,0.999999965,0.999999927,1.00000006,0,0,0,0.326371817,0.151127239,0.484337329,0.291728623,0.129893547,0.426335966,0.247056973,0.048432552,0.429364202,0,0,0,1.047622741,0.555663685,1.541102279,1.193530585,0.915900109,1.561800254,0.073970158,0.054670636,0.098937792,0,0,0,0,0,0,0.008085389,0.006171318,0.011002555,0.119548737,0.049402829,0.226707527,0.075203307,0.038709066,0.116713273,0.847277646,0.548131139,1.234953763,0,0,0,1.608334952,1.015783211,2.663201971,0.134125495,0.049131779,0.217837109,0.849049599,0.623254773,1.1315231,0.010942512,0.004786962,0.017583317,0,0,0,0.548419132,0.381820801,0.796585416,-0.980979989,-1.294464409,-0.718021951,-0.339980314,-0.574164755,-0.177502277,-0.386598927,-0.657819041,-0.196627899,0,0,0,-2.507721953,-3.330234605,-1.905461921,0.067683653,0.052077254,0.08801404,0.315964863,0.143913989,0.422514825,0.523750713,0.399460885,0.687594429,0.225263933,0.148075663,0.324237897,0.41805379,0.309656089,0.576736926,-0.681176246,-0.889031893,-0.49535294
dumoloc_river_zam23,658.0418185,853.0343551,256.1153641,111.1556145,974.0786897,0.113553528,0.089590941,0.151225782,0.02461611,0.018882706,0.034885505,0.300457384,0.226933474,0.386937997,0.999999989,0.999999951,1.000000055,0,0,0,0.35406876,0.219070972,0.511147645,0.237365226,0.139373186,0.352571112,0.244229324,0.068784926,0.408647397,0,0,0,1.061836796,0.698760547,1.513151296,1.159535283,0.788324424,1.557547191,0.058428911,0.038023274,0.079187702,0,0,0,0,0,0,0.006984539,0.004906056,0.009754704,0.112281683,0.043414044,0.233405347,0.051890533,0.028081255,0.092793745,0.757046898,0.443004615,1.138695635,0,0,0,1.453929518,0.870448303,2.276343608,0.162084108,0.073922087,0.29776024,0.888746919,0.705147768,1.114949027,0.012678984,0.006320153,0.022720905,0,0,0,0.627715708,0.421237664,0.903835987,-1.034578201,-1.367027493,-0.731934157,-0.301451688,-0.52141803,-0.132825556,-0.400969289,-0.712377492,-0.15777041,0,0,0,-2.430489703,-3.136648462,-1.855983189,0.099418762,0.077353427,0.13188777,0.301579352,0.181944875,0.392683864,0.459030558,0.310799275,0.613620408,0.198104874,0.116547661,0.286185312,0.506226137,0.385267104,0.642522053,-0.641528097,-0.785154889,-0.483035567
pmb1_zam23,910.1252558,1664.184324,163.5036496,173.7759851,764.3225921,0.123589533,0.095833978,0.162360311,0.019359527,0.014232034,0.025127789,0.703846887,0.516796752,0.951961053,1.000000059,0.999999923,1.000000332,0,0,0,0.204378435,0.069601434,0.479853269,0.102099168,0.024642285,0.245339568,0.264924207,0.068016441,0.445806282,0,0,0,1.187653985,0.296182244,2.391311647,1.057788226,0.770832252,1.437582397,0.037440795,0.026996846,0.050982615,0,0,0,0,0,0,0.011870515,0.008299678,0.016274675,0.035519065,0.00707772,0.103808604,0.011279594,0.003654747,0.033600141,0.456169648,0.172513576,1.046680362,0,0,0,0.914872984,0.257364631,2.100417915,0.236491229,0.116996866,0.385352413,0.965422152,0.843777037,1.097464126,0.048986298,0.024039612,0.075730451,0,0,0,1.713132073,1.125071704,2.448429425,-0.870773976,-1.362867867,-0.49934667,-0.159805401,-0.361764943,-0.061726431,-0.698787681,-1.582994823,-0.197896699,0,0,0,-3.870285901,-5.549224503,-2.133969411,0.094668906,0.076474673,0.12322696,0.156334577,0.047340942,0.349863481,0.376189169,0.273392654,0.507642539,0.052752376,0.018344278,0.130173,0.682230799,0.573956307,0.783369958,-0.530796648,-0.709088517,-0.247422241
pmb2_zam23,1005.18988,1797.737091,145.5937333,166.1103433,941.2497775,0.107082587,0.084249655,0.141668471,0.017627945,0.013457133,0.021845315,0.770006629,0.566120272,0.990157089,0.999999994,0.999999894,1.000000178,0,0,0,0.195694051,0.055009296,0.418997275,0.101943367,0.025733667,0.229099443,0.277710275,0.087428173,0.627403786,0,0,0,1.017548345,0.269601817,2.076982747,1.049802601,0.767150542,1.364166509,0.037899932,0.026945461,0.049951614,0,0,0,0,0,0,0.010477908,0.007588532,0.013995686,0.033298108,0.006150656,0.109650729,0.010359582,0.002441857,0.031041988,0.492459521,0.135338726,1.315720882,0,0,0,0.718156491,0.169689247,1.907655995,0.239624566,0.113610341,0.418594857,0.975564692,0.876048727,1.096360695,0.061294361,0.028829365,0.095761222,0,0,0,1.593959378,1.120602128,2.123247013,-0.811336015,-1.276780631,-0.436766855,-0.168489678,-0.354398484,-0.053876294,-0.896273068,-1.962888714,-0.285832762,0,0,0,-3.407858792,-4.722889557,-1.867980126,0.084349575,0.068429588,0.110200838,0.147304467,0.04354944,0.335274396,0.382344463,0.276836073,0.495885844,0.050848273,0.013548313,0.129366388,0.687017957,0.598647544,0.78911286,-0.51493437,-0.697723658,-0.243520193
pmb3_zam23,745.047158,1839.662621,124.4436532,158.1113023,955.91953,0.146020602,0.109920781,0.200583557,0.016445055,0.012386324,0.021756146,0.810755796,0.61483571,1.05992733,1,0.999999876,1.000000215,0,0,0,0.216482041,0.030010928,0.572244855,0.076057541,0.008934096,0.22977823,0.271065021,0.029872075,0.69658042,0,0,0,0.782575515,0.115996616,2.071687544,1.004970516,0.68433914,1.503774931,0.025845204,0.017649118,0.039278619,0,0,0,0,0,0,0.007505339,0.004934537,0.010916366,0.028509146,0.003678594,0.095781446,0.007339015,0.000932628,0.021494292,0.419509139,0.060629887,1.259763243,0,0,0,0.537029487,0.07677905,1.47398109,0.327642476,0.164899282,0.555852029,0.973213618,0.869992199,1.066497058,0.067678059,0.03171786,0.108723923,0,0,0,1.570217401,1.094001314,2.071204579,-0.980284712,-1.592238078,-0.450185935,-0.121443079,-0.268688966,-0.041313698,-0.944588828,-2.205955276,-0.256314251,0,0,0,-2.901299763,-4.379502,-1.253930804,0.088388766,0.06982549,0.114942268,0.138609071,0.016691395,0.36046587,0.293413912,0.200807591,0.439471361,0.035785932,0.006077447,0.107680177,0.755522968,0.672767125,0.874964238,-0.515010839,-0.714852848,-0.205498163
pmb4_zam23,1083.86147,1621.518206,143.7778173,132.5470341,590.2082962,0.079330911,0.063768503,0.105238354,0.015189485,0.011509152,0.020944214,0.630854247,0.482603091,0.846920057,1.000000091,0.999999937,1.000000488,0,0,0,0.189826384,0.080237998,0.372424653,0.114205835,0.050555337,0.240882208,0.344562082,0.129783595,0.640878003,0,0,0,1.748453474,0.698063302,3.07557729,1.24832533,0.927361597,1.544568728,0.05332122,0.040401058,0.069188575,0,0,0,0,0,0,0.02114889,0.015815765,0.027374324,0.033502533,0.009330178,0.087797706,0.014565606,0.004354583,0.032619633,0.601298821,0.228719967,1.427605388,0,0,0,1.369304412,0.449969233,2.910689298,0.206410117,0.090515066,0.342275571,0.973964943,0.862701154,1.125798799,0.052598456,0.024580683,0.085477773,0,0,0,2.242865169,1.55126037,3.097886702,-0.909692632,-1.235764223,-0.556823947,-0.2045085,-0.370346942,-0.084623939,-0.915065527,-1.864518686,-0.335347226,0,0,0,-5.830424706,-7.46541893,-3.418361696,0.071813965,0.056629636,0.094176294,0.171152388,0.072475584,0.314555945,0.507867293,0.374816345,0.623251929,0.057885385,0.021635927,0.132709059,0.633738974,0.550442429,0.755651424,-0.585039339,-0.732580085,-0.36251365
sc7_zam23,49.77793303,1283.398478,153.0710344,19.80001692,657.005519,0.260792339,0.206329867,0.347303069,0.002898758,0.002226591,0.003857043,0.086239164,0.066381517,0.115044031,1.000000114,0.999999796,1.000269111,0,0,0,4.630608106,2.287834723,6.459928884,0.167488956,0.079919174,0.246085734,0.339809719,0.102622884,0.686102613,0,0,0,1.611879924,0.761693968,2.241284808,7.273198916,2.933238235,11.988843,0.017632726,0.007100654,0.029864128,0,0,0,0,0,0,0.005094581,0.00202137,0.008360347,0.958214274,0.376411504,1.996058781,0.028108426,0.013053021,0.050948289,1.011365057,0.616117154,1.543552104,0,0,0,1.6907294,0.994741862,2.673092732,2.677582888,1.391843693,4.33929172,0.917374931,0.84317286,1.00103359,0.039296277,0.020539529,0.055323338,0,0,0,1.457209725,1.052210029,1.912555562,-16.88751194,-20.76307371,-13.1669203,-0.154981218,-0.239644043,-0.067071579,-0.546700102,-1.131884123,-0.257331627,0,0,0,-4.042398429,-4.953486845,-3.243787136,0.019989832,0.016271134,0.026919067,0.360615288,0.184892129,0.496716576,0.258150213,0.104376281,0.426379613,0.169911023,0.10108497,0.278312025,0.913503848,0.814629665,0.999948744,-0.818405286,-0.981391075,-0.655556199
sc5_zam23,62.17875143,1501.090311,134.9118747,27.70936169,753.4270963,0.296939575,0.229408125,0.409059287,0.003516135,0.002664994,0.004858764,0.141157651,0.105317933,0.194369323,1.000000128,0.999999788,1.000309412,0,0,0,4.370282308,2.384626624,6.344782664,0.162312379,0.088601525,0.25765189,0.532704577,0.143701427,0.872755783,0,0,0,1.55594185,0.848504202,2.315677691,5.430318133,2.112732433,9.074132526,0.014119645,0.005687333,0.02521791,0,0,0,0,0,0,0.004226403,0.001577648,0.007134463,0.663222209,0.290230076,1.554296224,0.019848742,0.00922622,0.038014976,0.89928268,0.458549936,1.550770004,0,0,0,1.287438175,0.652750476,2.250233491,2.505192725,0.996145465,4.081919655,0.927844905,0.847900833,0.988614451,0.048304926,0.025210635,0.07606868,0,0,0,1.423501186,1.035995066,1.932188897,-14.41602752,-17.9836441,-10.07559762,-0.144505164,-0.239474572,-0.069434409,-0.708005784,-1.373202165,-0.291510415,0,0,0,-3.747644213,-4.729155949,-2.871958164,0.025616452,0.020040883,0.034655344,0.368809136,0.207673105,0.508630229,0.212271593,0.082481615,0.351215423,0.122824226,0.067462257,0.221059286,0.938582855,0.847266566,0.999996151,-0.765447511,-0.941373851,-0.550356828
sc1_zam23,321.8973003,1954.82411,4659.71159,107.7341833,571.764287,0.222561263,0.168457097,0.290252779,0.010208608,0.007343998,0.013853888,0.014833289,0.011281433,0.019532369,1.000610441,1.000000149,1.001420021,0,0,0,0.301270009,1.70E-05,1.307368624,0.043968457,2.28E-06,0.180182069,0.002586387,2.52E-07,0.022243575,0,0,0,0.843708279,4.54E-05,3.364772776,10.39793975,7.087367247,13.67376016,0.109762362,0.07253201,0.148591143,0,0,0,0,0,0,0.054006296,0.037904889,0.071935078,1.751266483,1.080647053,3.093242343,0.372120402,0.232853001,0.599016218,1.030027121,0.965211386,1.094409846,0,0,0,26.11822981,23.82225517,29.22158141,0.720350317,0.235094841,1.501852245,1.030530734,0.622266262,1.709022249,0.001702177,0.00061134,0.003609215,0,0,0,2.761182258,1.446385704,4.602349353,-13.73520196,-16.36075131,-10.61184102,-0.694972806,-1.267144193,-0.297312174,-0.102706204,-0.187287922,-0.055623918,0,0,0,-31.08595004,-33.62095423,-27.77784331,0.022637571,0.018784812,0.030750892,0.029968756,1.62E-06,0.134093083,0.512044225,0.35025982,0.670960613,0.942531062,0.854767658,0.999997791,0.339550658,0.198825551,0.543286326,-0.992622162,-0.999999604,-0.909631859
lawis_river_zam23,203.6279255,839.4157581,124.1231974,775.2604857,617.6250668,2.230949291,1.959365533,2.495292978,0.13618828,0.104316266,0.16390876,2.148308076,1.901829458,2.495549827,0.94165978,0.893321375,0.999999439,0,0,0,1.015500366,0.189617563,1.668532244,0.239819952,0.046574863,0.453751998,0.127385581,0.034147312,0.369847366,0,0,0,1.83383409,0.306167469,3.193106346,0.218147473,3.57E-06,0.7877411,0.003500306,5.58E-08,0.011954535,0,0,0,0,0,0,0.000710353,1.13E-08,0.002446863,0.14131869,0.002490526,0.427249341,0.017929141,0.000373386,0.043513845,0.409286322,0.011170864,0.742808129,0,0,0,1.114642892,0.021136409,2.308363447,0.365770463,0.143784365,0.638765945,0.794205097,0.567607109,1.006182266,0.024065875,0.010651626,0.03894897,0,0,0,0.945656231,0.623741697,1.387689851,-3.440979248,-3.913579317,-2.930972709,-0.19776641,-0.329623865,-0.093075532,-1.961097949,-2.214562928,-1.620236097,0,0,0,-3.118249296,-3.936137802,-2.656251811,0.703445878,0.664314707,0.766073581,0.381175004,0.073952814,0.669687986,0.040615325,6.59E-07,0.146775051,0.098024478,0.002569647,0.188594963,0.656322417,0.466534203,0.82063073,-0.999998828,-0.999999419,-0.954017447
masinloc_river_zam23,185.2886871,643.2009875,131.4580737,745.3642851,524.0697881,2.310784327,2.016169969,2.536097514,0.174175563,0.136107861,0.203043972,1.882397855,1.652561418,2.158147967,0.921612052,0.879690271,0.984012339,0,0,0,1.113128741,0.136462764,1.67360094,0.318078083,0.02465337,0.534672717,0.128401856,0.025953796,0.314984826,0,0,0,2.153267527,0.209314585,3.40404138,0.195295293,2.68E-06,0.68179552,0.003492624,4.88E-08,0.012625875,0,0,0,0,0,0,0.000644733,1.00E-08,0.002211573,0.100042673,0.000333214,0.395787559,0.017665512,3.99E-05,0.04805765,0.298830638,0.000884856,0.563572223,0,0,0,0.962014604,0.002142181,2.442840901,0.272989004,0.111439461,0.503842557,0.69853507,0.425630696,0.937428544,0.013255927,0.005352261,0.024352638,0,0,0,0.71905558,0.420352172,1.166852395,-3.371465064,-3.73287466,-2.898422559,-0.170886076,-0.315453716,-0.074709355,-1.501118175,-1.732180831,-1.228154088,0,0,0,-3.133920333,-3.780468146,-2.630988424,0.801953777,0.755993864,0.869793958,0.448124973,0.059268102,0.725912386,0.040078785,5.48E-07,0.1399382,0.091745095,0.000212216,0.187843525,0.533198375,0.326504344,0.716444307,-0.999999172,-0.999999453,-0.987012636
salasa_river_zam23,182.9183093,501.2548858,158.7680256,85.00832088,402.7772832,0.309231589,0.239577349,0.419582994,0.032590626,0.024204615,0.043632267,0.380598727,0.292984414,0.520641169,1.000000078,0.999999983,1.000000599,0,0,0,0.601002266,0.279090123,0.841348878,0.182878253,0.075355506,0.306509732,0.17644743,0.038748067,0.341254702,0,0,0,1.200127956,0.524237777,1.809314124,1.362046061,0.672375561,2.075398886,0.031148452,0.01546246,0.051026957,0,0,0,0,0,0,0.005764345,0.003009491,0.008994931,0.205024495,0.090872321,0.402617373,0.046248912,0.023608063,0.082853864,0.623700677,0.389897966,0.94130945,0,0,0,1.835301965,1.204559779,2.881110238,0.346142452,0.157025576,0.596702021,0.949378839,0.773168147,1.13771838,0.01284869,0.005864686,0.02251732,0,0,0,0.963082653,0.65290892,1.323578071,-2.104118784,-2.721198391,-1.574504079,-0.266461682,-0.476663408,-0.126553056,-0.310691386,-0.535930599,-0.142599764,0,0,0,-3.535467193,-4.270506956,-2.70084399,0.16209175,0.126866572,0.214574165,0.300102869,0.128266556,0.409045401,0.314335746,0.155598496,0.480941709,0.203368263,0.136154509,0.30648043,0.642313123,0.517447877,0.797865986,-0.743093194,-0.920049518,-0.600254025
bagsit_river_zam23,126.0791457,611.0676815,119.8148478,14.54827518,431.0129963,0.074843668,0.057767445,0.099927776,0.004224723,0.003025755,0.005952856,0.075470259,0.059431242,0.10190168,0.999999881,0.999999769,1.000000093,0,0,0,1.00719148,0.58795938,1.429272856,0.179437512,0.092862693,0.294720242,0.283794417,0.079170652,0.561915955,0,0,0,1.30652387,0.695559962,1.859081943,1.918581899,0.862154247,2.744193629,0.026137713,0.01233367,0.038277568,0,0,0,0,0,0,0.005353927,0.002459522,0.007833766,0.288162859,0.126630507,0.628408088,0.044021098,0.023314163,0.077214194,1.002738375,0.642741157,1.381384981,0,0,0,1.851911027,1.201932209,2.671662572,0.598869081,0.307513387,1.074063298,0.986823728,0.837116716,1.105408413,0.022872752,0.010534032,0.034648952,0,0,0,1.142832544,0.82083727,1.467246614,-3.406487621,-4.153202223,-2.466636703,-0.26716413,-0.386418115,-0.128829909,-0.47035753,-0.787302636,-0.235758508,0,0,0,-3.530871459,-4.460554714,-2.854637132,0.024516221,0.020072301,0.032898391,0.330099419,0.188166622,0.473830563,0.301086377,0.136348381,0.429857516,0.232537288,0.158018497,0.329182816,0.78855999,0.682556177,0.950007148,-0.788996886,-0.947571025,-0.640606938
bucao_river_zam23,566.919507,759.4733594,459.8896208,3025.086735,736.6743813,NaN,NaN,NaN,NaN,NaN,NaN,NaN,NaN,NaN,NaN,NaN,NaN,NaN,NaN,NaN,NaN,NaN,NaN,NaN,NaN,NaN,NaN,NaN,NaN,NaN,NaN,NaN,NaN,NaN,NaN,NaN,NaN,NaN,NaN,NaN,NaN,NaN,NaN,NaN,NaN,NaN,NaN,NaN,NaN,NaN,NaN,NaN,NaN,NaN,NaN,NaN,NaN,NaN,NaN,NaN,NaN,NaN,NaN,NaN,NaN,NaN,NaN,NaN,NaN,NaN,NaN,NaN,NaN,NaN,NaN,NaN,NaN,NaN,NaN,NaN,NaN,NaN,NaN,NaN,NaN,NaN,NaN,NaN,NaN,NaN,NaN,NaN,NaN,NaN,NaN,NaN,NaN,NaN,NaN,NaN,NaN,NaN,NaN,NaN,NaN,NaN,NaN,NaN,NaN,NaN,NaN,NaN,NaN
maloma_river_zam23,214.6813713,685.7848179,233.0781556,91.43372916,764.2513797,0.280230178,0.225308498,0.374758332,0.024865537,0.017916002,0.035209775,0.268090137,0.198937494,0.358582233,1.000000016,0.999999972,1.000000939,0,0,0,0.700821467,0.264723265,1.009420309,0.18183612,0.080260963,0.309399621,0.171985925,0.027358084,0.313105731,0,0,0,0.860194477,0.355898775,1.325416944,1.340273123,0.745225544,2.15252768,0.02725798,0.014686854,0.043904118,0,0,0,0,0,0,0.00371659,0.001872336,0.005800162,0.265546355,0.126141199,0.579845481,0.061091609,0.031873838,0.103103055,0.781904419,0.541167977,1.051461084,0,0,0,1.718011964,1.087326153,2.332151728,0.381767695,0.17194313,0.668618183,0.97255638,0.799488905,1.185988695,0.014447736,0.006221248,0.02244535,0,0,0,0.727767298,0.505280989,1.018114606,-2.445725897,-3.073828832,-1.854888351,-0.306575804,-0.510958169,-0.154834225,-0.287095247,-0.521581291,-0.139770981,0,0,0,-2.413100204,-3.025861203,-1.966972749,0.123815548,0.097767819,0.167106952,0.299796835,0.118059781,0.421457624,0.272173471,0.150431597,0.436373958,0.26811331,0.189917992,0.376936758,0.67581503,0.540104849,0.826954097,-0.763256505,-0.943880413,-0.605376428
bulsa_river_us_zam24,354.2310564,499.7943094,215.7534044,33.88429752,640.3883625,0.062298497,0.048630986,0.083295974,0.012684586,0.009580406,0.017793576,0.10502464,0.078385629,0.14508138,0.999999952,0.999999894,1.000000063,0,0,0,0.398338914,0.159134362,0.562600212,0.246109196,0.095633667,0.370835405,0.167988059,0.02989868,0.342189397,0,0,0,0.960852189,0.417659882,1.405715463,1.422637463,1.00819025,1.905927985,0.064981091,0.043954921,0.088214456,0,0,0,0,0,0,0.007395788,0.005140979,0.009917017,0.173297074,0.084888649,0.330875535,0.085362942,0.045183023,0.147738914,0.923869295,0.709287997,1.224488209,0,0,0,2.04135013,1.373226019,3.015271712,0.166332038,0.078531601,0.292702078,0.917631199,0.702278551,1.219294021,0.009278229,0.003982873,0.01650692,0,0,0,0.578895066,0.391794451,0.829392302,-1.417970898,-1.857086986,-1.057702031,-0.388152379,-0.612528952,-0.172348876,-0.257557127,-0.511238344,-0.132771406,0,0,0,-2.829284639,-3.696454147,-2.202360022,0.047012117,0.037812581,0.064137895,0.301061256,0.117275707,0.403118838,0.502023189,0.357380935,0.672469058,0.30127475,0.224644201,0.424358933,0.491128339,0.383761805,0.659304409,-0.766796495,-0.958052041,-0.611474868
camiling_river_us_zam24,351.6983904,703.5567402,138.4346965,31.38521423,566.1365337,0.060744549,0.045296084,0.079508041,0.008201572,0.006051682,0.011803562,0.147746577,0.114082102,0.19968441,0.999999928,0.999999858,1.000000019,0,0,0,0.437722899,0.255238574,0.644116499,0.202029421,0.11589167,0.297647692,0.330019027,0.077524793,0.539328675,0,0,0,1.259927569,0.714575876,1.811055932,1.415248096,0.91444583,1.930546071,0.045595383,0.029379161,0.06430572,0,0,0,0,0,0,0.00833966,0.005431059,0.011344544,0.121685396,0.051330873,0.273474022,0.043719195,0.022669744,0.074025374,0.894452602,0.554490021,1.442663434,0,0,0,1.706042982,1.011780849,2.822023732,0.270442607,0.137440465,0.407945042,0.947658417,0.776339173,1.144992749,0.024804874,0.010490179,0.037067992,0,0,0,0.972311567,0.664269022,1.361006528,-1.508929282,-1.969915067,-1.083883254,-0.285787652,-0.456233361,-0.115162973,-0.516571704,-0.956204234,-0.217296147,0,0,0,-3.418724562,-4.082811662,-2.675360602,0.03992105,0.031666495,0.053295406,0.299671731,0.181632712,0.407336919,0.443584526,0.285439115,0.606328281,0.177585854,0.116800216,0.294509145,0.645149793,0.537001883,0.772700829,-0.717630518,-0.885511209,-0.575262463
camiling_river_ds_zam24,366.0465834,738.6850529,129.7639819,42.08388571,552.2867944,0.077134616,0.058739042,0.098655661,0.010355821,0.007249088,0.014248398,0.213493635,0.154809113,0.288139294,0.999999954,0.999999899,1.000000059,0,0,0,0.429297449,0.255089904,0.605414972,0.187918965,0.109325904,0.302033307,0.322994334,0.115522846,0.542485084,0,0,0,1.276767743,0.737892334,1.93071719,1.37681089,0.931376784,1.867457737,0.04288808,0.029662074,0.059914061,0,0,0,0,0,0,0.008552475,0.005801739,0.011618421,0.118077363,0.040682035,0.279730072,0.033060394,0.017456976,0.065034176,0.80781521,0.4996476,1.431376283,0,0,0,1.547588053,0.80028319,2.778231462,0.24827697,0.12059798,0.450816264,0.921705124,0.783337464,1.148998435,0.026665478,0.012944083,0.039179478,0,0,0,1.082230641,0.73746992,1.462404562,-1.458054344,-1.910074627,-1.033341383,-0.259310847,-0.426328916,-0.110069076,-0.585446907,-1.036173047,-0.20155506,0,0,0,-3.300560851,-4.405997488,-2.575236163,0.051023764,0.039929684,0.067394734,0.285726006,0.172216438,0.397003801,0.432899274,0.292596641,0.588660726,0.15138986,0.084910553,0.274095081,0.637803109,0.532922641,0.796363167,-0.711732455,-0.868006665,-0.531874731
malabobo_river_zam24,438.9480099,633.4656573,103.0226996,40.71869799,567.93717,0.062153142,0.047529421,0.085150472,0.012331921,0.009205755,0.016682226,0.270582891,0.199783504,0.36021951,0.999999948,0.9999999,1.000000008,0,0,0,0.33105287,0.200955316,0.472816012,0.186138056,0.114501043,0.319878272,0.357713921,0.188098616,0.575412525,0,0,0,1.135172297,0.681217845,1.640114236,1.129763704,0.853994606,1.555399399,0.051078632,0.037574944,0.070590969,0,0,0,0,0,0,0.008270715,0.006137971,0.010906325,0.070164645,0.023802069,0.162325137,0.031589021,0.016571964,0.062642641,0.69686888,0.417846149,1.325820609,0,0,0,1.14811081,0.554680038,2.11020581,0.186044208,0.086092235,0.313174734,0.893333555,0.75617014,1.089156813,0.027737802,0.012638895,0.040650244,0,0,0,0.810390041,0.567865522,1.184947537,-0.969782607,-1.34747604,-0.622735664,-0.216367348,-0.397395916,-0.089203429,-0.53713089,-1.162328158,-0.217136387,0,0,0,-2.607260612,-3.508714716,-1.792683059,0.054781485,0.042454012,0.070402151,0.266729707,0.168548388,0.385399949,0.447975275,0.339962005,0.620963721,0.118423896,0.067370904,0.204099921,0.553414929,0.465039697,0.677216909,-0.609759317,-0.743707969,-0.398130611
bayaoas_river_zam24,580.7406849,911.3257486,158.5841839,42.65647477,922.9946434,0.052449323,0.039452549,0.068011352,0.008688499,0.006243836,0.011839864,0.174515276,0.131369023,0.241673465,0.999999931,0.999999868,1.000000009,0,0,0,0.354814165,0.215978817,0.520388432,0.201454044,0.11339423,0.310513175,0.365780263,0.096144727,0.581515987,0,0,0,1.023363643,0.592325467,1.599017456,1.200108021,0.830719237,1.603217301,0.049655635,0.032419447,0.068174573,0,0,0,0,0,0,0.006913464,0.00489875,0.009662866,0.096589827,0.041176807,0.221262247,0.037747681,0.020077798,0.068047497,0.834873883,0.512542587,1.461445665,0,0,0,1.294079987,0.736503591,2.041460528,0.210984102,0.090270483,0.343963172,0.942549166,0.785330928,1.137625644,0.024417122,0.011939224,0.041097703,0,0,0,0.754339222,0.5602493,1.021044815,-1.073504305,-1.417598613,-0.7345495,-0.287102882,-0.461908555,-0.13498555,-0.570662834,-1.016796565,-0.25487193,0,0,0,-2.440782863,-3.052116395,-1.857910383,0.040401018,0.031335674,0.054539215,0.287122931,0.167702763,0.399149468,0.452736729,0.312955977,0.599492332,0.151013561,0.088405787,0.254456258,0.607403297,0.493149008,0.735819725,-0.635971931,-0.79890875,-0.473394086
mapita_river_zam24,764.9618783,896.6391068,214.9090846,45.2768454,1053.283468,0.039295988,0.029833556,0.052758493,0.009559464,0.007303506,0.013354326,0.147663727,0.112855792,0.19729893,0.999999911,0.999999856,0.999999973,0,0,0,0.317427492,0.208737247,0.462672106,0.259137669,0.153200014,0.360417902,0.356429734,0.1199576,0.516572027,0,0,0,1.090157667,0.690498863,1.503555891,1.148988872,0.874264269,1.475830714,0.063605764,0.04938974,0.082920951,0,0,0,0,0,0,0.007891506,0.005851947,0.010212143,0.106352526,0.046466684,0.208174649,0.053450511,0.027947199,0.091992224,0.828805033,0.549681553,1.369368369,0,0,0,1.49824822,0.871376251,2.199840724,0.142359002,0.063293214,0.259453998,0.913933073,0.717487576,1.151042293,0.016810957,0.008282125,0.028619447,0,0,0,0.663482474,0.436493283,0.901595697,-0.921367662,-1.196096148,-0.673825197,-0.33863221,-0.567110756,-0.160171836,-0.48990805,-0.90387255,-0.192563031,0,0,0,-2.459865986,-3.163900746,-1.828522351,0.038810513,0.029659293,0.04956933,0.311319788,0.206611567,0.394641431,0.498442296,0.379648546,0.642136686,0.178525099,0.115367656,0.290222551,0.504201758,0.394833299,0.633363645,-0.64412612,-0.793167749,-0.481785781
dumoloc_river_zam24,711.8157832,1003.114462,222.7667559,66.09313739,942.0712291,0.063635392,0.047345023,0.082861157,0.012194815,0.00881251,0.016603946,0.194455304,0.149300697,0.267289013,0.999999956,0.999999896,1.000000026,0,0,0,0.373883375,0.247519219,0.52430157,0.223596054,0.134244344,0.347483173,0.354349203,0.136299157,0.519290997,0,0,0,1.26916192,0.828299826,1.769595397,1.253573895,0.933048426,1.634206182,0.056864932,0.042295986,0.075240668,0,0,0,0,0,0,0.008995615,0.006458663,0.011559038,0.099563421,0.045512662,0.19681506,0.047967774,0.024594028,0.079498292,0.858685524,0.53632744,1.266517697,0,0,0,1.559764134,1.054322355,2.282308428,0.182390263,0.073891435,0.324639771,0.93641483,0.725159488,1.143565922,0.019588705,0.008826976,0.031165373,0,0,0,0.854362189,0.562498378,1.199533232,-1.09942384,-1.426036041,-0.793455271,-0.298126461,-0.516413675,-0.144085233,-0.524314072,-0.878363888,-0.236666333,0,0,0,-3.050275776,-3.780070708,-2.310916732,0.052188752,0.041651377,0.070034898,0.314619425,0.202574394,0.404435841,0.489989024,0.36384749,0.635294983,0.167379295,0.110223802,0.258640243,0.561138077,0.430054131,0.691509412,-0.671886794,-0.827829144,-0.521148827
pmb4_zam24,742.551655,2440.944575,82.11714029,59.10078132,666.8998088,0.050313355,0.039690725,0.064597983,0.004473892,0.003414406,0.00601114,0.467005152,0.360060318,0.616663763,0.999999967,0.99999981,1.000000275,0,0,0,0.425797441,0.149963254,0.772989841,0.113283764,0.040362761,0.223335412,0.722200344,0.346373774,1.68822095,0,0,0,2.18868424,0.748948684,3.756748532,1.295141259,0.870077201,1.917241631,0.026276449,0.017063089,0.037318318,0,0,0,0,0,0,0.013701542,0.009108363,0.020137649,0.04097456,0.00853112,0.130533108,0.008363998,0.002053417,0.022926769,0.800322382,0.297680375,2.688720503,0,0,0,0.970087256,0.288247101,2.538477968,0.41973331,0.194637119,0.72050957,0.98093144,0.90669194,1.066639737,0.148084296,0.074673057,0.22331767,0,0,0,2.897990243,2.174156225,3.944896838,-1.518278303,-2.242936472,-0.904326854,-0.166675105,-0.287077754,-0.07145124,-1.945563013,-4.550608186,-0.709316223,0,0,0,-6.367626263,-8.749899836,-3.808344611,0.02638786,0.021480349,0.034927336,0.214207863,0.080032322,0.396226322,0.314131639,0.211792243,0.466799319,0.044355368,0.012194267,0.116154356,0.844781787,0.754875453,0.952742832,-0.606433635,-0.773944458,-0.328474481
pmb34_zam24,660.0642772,2255.806806,70.55992971,67.71500296,802.6820595,0.070260315,0.053420173,0.09330199,0.005914758,0.004266393,0.007764131,0.645668039,0.473617933,0.848385763,0.999999996,0.999999831,1.000000254,0,0,0,0.34097966,0.096312086,0.664085581,0.084887447,0.021635889,0.192562912,0.614064113,0.20948272,1.496280422,0,0,0,1.234019671,0.351486328,2.576607895,1.231154484,0.764873368,1.837995304,0.022835019,0.014177228,0.036630714,0,0,0,0,0,0,0.009367289,0.006070071,0.014687143,0.045805179,0.008147131,0.136614034,0.008010575,0.001706569,0.022384026,0.929742524,0.237704997,2.683310748,0,0,0,0.686700157,0.188790864,1.924607058,0.438380235,0.193035868,0.757503685,0.990518111,0.914042292,1.063184956,0.152432725,0.072739465,0.225589079,0,0,0,2.230753892,1.55927525,2.95194874,-1.442033977,-2.186556885,-0.741171695,-0.140233396,-0.258241092,-0.060322396,-2.036927662,-4.422344384,-0.647533797,0,0,0,-4.237197791,-5.866811473,-2.344488622,0.034629905,0.027858623,0.048068305,0.167051582,0.045275571,0.33686501,0.288400242,0.180238421,0.434089306,0.042931446,0.010384134,0.112234872,0.871247138,0.773541272,0.959861299,-0.549800666,-0.744212251,-0.280425897
pmb3_zam24,615.6103146,2219.376718,62.08227595,75.87228161,936.5532822,0.081795281,0.061942362,0.10983938,0.006208006,0.004622857,0.008535275,0.774533651,0.597642397,1.038105973,0.99999997,0.999999755,1.000000375,0,0,0,0.193940673,0.030901515,0.617137984,0.046052432,0.006687409,0.152792252,0.455690155,0.068249676,1.321347918,0,0,0,0.569203914,0.088278827,1.885643602,1.041396186,0.619011179,1.660452039,0.018984224,0.010644811,0.028675074,0,0,0,0,0,0,0.006390207,0.003913539,0.010277913,0.023868059,0.002367984,0.085590872,0.004357315,0.000461246,0.015087128,0.521314274,0.071969657,1.90853054,0,0,0,0.315962616,0.043946068,1.167170789,0.48170547,0.254216259,0.804130552,0.994151062,0.927712508,1.0495076,0.181098087,0.098920182,0.267746838,0,0,0,1.840384785,1.316672698,2.616489516,-1.052583044,-2.097567734,-0.461555643,-0.121791195,-0.217487069,-0.041496051,-1.523712067,-4.017612868,-0.461112982,0,0,0,-2.709266567,-4.669954068,-1.274155062,0.038722098,0.031165562,0.050241148,0.088628066,0.014690538,0.297985102,0.236713247,0.139831639,0.374052067,0.022297191,0.003010526,0.078290198,0.88349945,0.790000408,0.985803422,-0.384963619,-0.714547507,-0.184021451
pmb2_zam24,939.366916,2255.919501,91.35400107,39.409923,995.2592743,0.028093847,0.021578478,0.03827911,0.003223906,0.002314733,0.004364736,0.274206064,0.214652418,0.361091095,0.999999807,0.999999664,0.999999984,0,0,0,0.326528263,0.156674875,0.550299532,0.125702879,0.050341401,0.224811845,0.69739991,0.400507528,1.247534746,0,0,0,1.506272292,0.629654745,2.581471788,1.261672062,0.950102172,1.670342999,0.034552369,0.02422037,0.046293281,0,0,0,0,0,0,0.011171944,0.008359377,0.015527196,0.046961857,0.015656196,0.115505264,0.011478125,0.003971828,0.025026132,0.979279189,0.479265778,2.194458293,0,0,0,0.871821275,0.404287687,1.872153078,0.320663907,0.143770921,0.550704134,0.963131446,0.846741242,1.079711021,0.125292676,0.064622787,0.18040888,0,0,0,1.802304266,1.248624164,2.568249532,-1.176833271,-1.728905875,-0.699880941,-0.148670184,-0.295706462,-0.066932213,-1.553321411,-3.102724968,-0.580021191,0,0,0,-3.927600396,-5.409628523,-2.603950282,0.0182152,0.014157187,0.02369366,0.211148375,0.098922862,0.356014337,0.385596946,0.288900806,0.508552857,0.055522506,0.02515301,0.116170733,0.765116678,0.667954547,0.886862164,-0.574635405,-0.714197476,-0.331365425
pmb1_zam24,862.8209539,2095.94404,105.5001196,87.57509943,768.9895984,0.068636979,0.053074287,0.089788358,0.007778255,0.005824723,0.010176971,0.540450759,0.413797963,0.735416016,1.000000008,0.999999898,1.000000208,0,0,0,0.269129626,0.100698721,0.567315331,0.092249088,0.034436473,0.220380049,0.470828104,0.212239486,1.044262407,0,0,0,1.31187672,0.50017005,2.988841491,1.225313659,0.874050331,1.707566774,0.033261451,0.022886203,0.046623566,0,0,0,0,0,0,0.01293514,0.009117585,0.018406194,0.036907333,0.013142587,0.125813583,0.009966288,0.003369349,0.029877111,0.731809483,0.310933958,1.692723329,0,0,0,0.975291425,0.371360526,2.317446553,0.307908721,0.147384969,0.541318486,0.986468516,0.880563646,1.091421497,0.085483386,0.049851652,0.13696098,0,0,0,2.109382683,1.535020655,2.908182704,-1.194708612,-1.71827569,-0.67314313,-0.163877497,-0.291357939,-0.060873772,-1.268345268,-2.802764248,-0.530933548,0,0,0,-4.792012473,-6.706289594,-2.712655894,0.042874493,0.03501559,0.056342369,0.165161813,0.064650351,0.359716188,0.367753361,0.262006045,0.515597554,0.04769738,0.019703864,0.123713568,0.768628676,0.672535677,0.879604916,-0.554083865,-0.739356086,-0.303729718
sc6_zam24,57.33473369,1611.003282,94.24682019,83.56415536,645.9881332,0.977493918,0.753305384,1.282823078,0.009630125,0.006980877,0.013029112,0.582466674,0.452034862,0.827625971,1.000000377,0.999999064,1.000035108,0,0,0,3.922772518,1.369838356,6.529417473,0.11742892,0.036742155,0.229283473,0.506315235,0.132973866,1.044237414,0,0,0,1.539015573,0.411543861,2.853832325,3.841261778,1.017797971,8.540690674,0.008723278,0.002339457,0.019146897,0,0,0,0,0,0,0.003191427,0.000823738,0.007138653,0.340638398,0.053711153,0.995623786,0.008733719,0.00166729,0.024003079,0.493576015,0.121318242,1.367034738,0,0,0,0.677845825,0.160658364,1.699770802,2.531090131,1.168142185,4.402347848,0.929021545,0.847230483,0.995350843,0.072344937,0.036993093,0.107983349,0,0,0,1.884573485,1.293869811,2.470002337,-13.92582051,-19.12504329,-7.458625976,-0.098484275,-0.187075673,-0.045537972,-1.094998729,-2.277143707,-0.386913535,0,0,0,-3.893231176,-5.241907204,-2.247195908,0.072402871,0.056670567,0.097335039,0.283270674,0.097973694,0.477931519,0.131634376,0.035253572,0.295007836,0.056679526,0.012182985,0.136982384,0.976551185,0.884767308,0.999999431,-0.685997856,-0.871147313,-0.366597395
sc7_zam24,47.52473512,1713.476121,46.80960826,50.5204073,730.235791,0.71088228,0.536553521,0.920086899,0.005605247,0.004105894,0.007289516,0.718960432,0.549637215,0.984326203,1.000000249,0.999457272,1.000214894,0,0,0,4.18259602,0.933553435,8.369630669,0.109172693,0.020138886,0.243491991,0.761948053,0.183256565,1.852013335,0,0,0,1.24040574,0.248580923,2.479614386,4.263583367,0.780579903,9.958348508,0.007794722,0.001425269,0.018825511,0,0,0,0,0,0,0.002704842,0.000459649,0.00605364,0.205618578,0.004259776,1.040758228,0.004233981,0.000139206,0.014691071,0.666974674,0.006786435,2.377598821,0,0,0,0.403959884,0.006475457,1.197725439,3.001878153,1.485352342,5.161596145,0.907985486,0.819534207,0.976999892,0.159231699,0.086108775,0.242181282,0,0,0,1.732193113,1.256295159,2.212226695,-15.85391223,-23.2167712,-7.077859224,-0.07340559,-0.151355274,-0.030220596,-2.131663798,-4.579063661,-0.720502618,0,0,0,-3.1156821,-4.57356131,-1.538829242,0.043377553,0.034814223,0.055256519,0.252970936,0.052160983,0.520258486,0.119053698,0.022031422,0.279795064,0.032297208,0.00056501,0.11622611,0.995572516,0.909884582,0.999999571,-0.628505179,-0.875014611,-0.276363531
sc4_zam24,151.7307387,1664.997386,91.17307962,81.25123403,681.5775343,0.352471387,0.26638689,0.471020123,0.008899436,0.006667661,0.012725104,0.599594421,0.46451405,0.79880021,1.000000094,0.999999869,1.000118645,0,0,0,1.222111063,0.493367168,2.265698208,0.102263118,0.040289107,0.200339441,0.451322974,0.18287348,0.88297297,0,0,0,1.302337705,0.478675811,2.411444563,2.038466291,0.715718027,4.372997306,0.012091657,0.004353213,0.026301283,0,0,0,0,0,0,0.004451963,0.001443625,0.008957623,0.125237998,0.023898252,0.400651479,0.008205762,0.001644314,0.021416956,0.449456844,0.122245695,1.343969163,0,0,0,0.641872275,0.151449932,1.655160646,1.161005431,0.575521716,1.912142681,0.945652016,0.872313577,1.00107797,0.085823197,0.042479978,0.127660717,0,0,0,1.962779135,1.462535126,2.549971731,-5.383031789,-7.58924586,-2.473800821,-0.110806267,-0.188726642,-0.047529722,-1.029363716,-2.057287026,-0.331956525,0,0,0,-3.546376689,-5.208203065,-2.116744331,0.064876179,0.05154083,0.085571724,0.214290969,0.091862365,0.423431775,0.172035538,0.060737782,0.372824656,0.047371775,0.011253495,0.123092787,0.956740279,0.859218651,0.999999443,-0.607185277,-0.851106531,-0.323053918
sc1_zam24,766.6125291,3831.250562,19847.71748,10814.23011,545.711713,8.841126267,7.262369848,10.59060935,0.537057108,0.412745316,0.700486129,0.495545078,0.364713257,0.637630888,1.002880515,0.999742321,1.034777388,0,0,0,0.006263067,3.31E-05,0.889810554,0.001246749,5.93E-06,0.159483746,7.25E-05,3.26E-07,0.007077146,0,0,0,0.04637058,0.000200564,5.850877216,5.460460056,1.960319659,10.06344665,0.069839239,0.026663811,0.126165445,0,0,0,0,0,0,0.068985625,0.026799148,0.130188261,2.745492581,1.374742904,5.032716283,0.519943686,0.325508945,0.806766921,0.541978399,0.394670108,0.671596521,0,0,0,92.73150758,78.28452477,108.8244116,0.401547603,0.097561424,1.218122103,0.830152682,0.173855558,1.762384485,0.000547123,9.63E-05,0.001434762,0,0,0,4.975854521,1.150008204,9.500728466,-19.66949212,-22.99298645,-16.20706777,-1.357855811,-2.014917123,-0.752023654,-0.082763628,-0.145703665,-0.043226723,0,0,0,-104.1378577,-118.6107373,-88.65884829,0.803461197,0.616056777,0.976336275,0.000451285,2.23E-06,0.063850341,0.18248879,0.065988693,0.333191191,0.640823465,0.502983006,0.805899901,0.146625476,0.033026288,0.306433981,-0.999637224,-0.99999759,-0.891849012
lawis_river_zam24,184.1973182,946.5243287,55.876975,69.16198911,573.4951686,0.252292608,0.194514592,0.320858106,0.013986393,0.010535267,0.018489417,0.827875009,0.622658978,1.058100987,0.999999974,0.999999666,1.000000207,0,0,0,0.336797361,4.80E-05,0.931917536,0.055124693,7.03E-06,0.181854128,0.214341922,2.94E-05,0.587401138,0,0,0,0.519047325,6.57E-05,1.376920886,0.851191282,0.344869655,1.712634434,0.010883633,0.004201159,0.021323041,0,0,0,0,0,0,0.002535681,0.00099101,0.005209489,0.04590191,0.002803776,0.163045783,0.005184485,0.00046436,0.017300187,0.33881723,0.03421856,0.993189183,0,0,0,0.315364917,0.029126281,0.86249038,0.598039003,0.265174979,0.971627793,0.977684059,0.90516756,1.034413554,0.073714916,0.035957701,0.12135033,0,0,0,1.328200286,0.990470821,1.780263306,-1.461653636,-2.826854563,-0.654578513,-0.089694964,-0.189899992,-0.029333758,-0.663304121,-1.765370481,-0.201409223,0,0,0,-1.64048083,-3.051530434,-0.787302062,0.08822069,0.070393326,0.11334827,0.11111526,1.59E-05,0.328592411,0.140988943,0.056873938,0.283622153,0.031380635,0.003132039,0.092541143,0.891245877,0.794360996,0.980294369,-0.369432579,-0.705295762,-0.171940919
masinloc_river_zam24,200.9636465,787.4268484,67.60193441,43.87781006,519.9847545,0.14667251,0.112248946,0.199544483,0.010249632,0.007719562,0.013980588,0.433352488,0.312655764,0.59210967,0.999999974,0.999999913,1.000000134,0,0,0,0.495494726,0.209375553,0.934083183,0.110199693,0.0426016,0.246461624,0.372113478,0.1219514,0.726274545,0,0,0,0.948177635,0.35003018,1.623632102,1.079458595,0.55240647,1.80253789,0.017693795,0.009575363,0.030811672,0,0,0,0,0,0,0.003992881,0.001955946,0.006520485,0.070929633,0.021764469,0.189993886,0.011897358,0.005389665,0.027044412,0.567002461,0.272525248,1.162629448,0,0,0,0.641624428,0.29618107,1.231696752,0.502505781,0.213906638,0.818219315,0.961549348,0.867125837,1.041987851,0.056744639,0.028672887,0.087500025,0,0,0,1.174882344,0.814187074,1.607118703,-1.686877896,-2.568600784,-0.874168916,-0.144714176,-0.257867428,-0.049275175,-0.630166995,-1.450072507,-0.198417657,0,0,0,-2.325751106,-3.197968676,-1.265397957,0.06310654,0.04925969,0.086230088,0.21481997,0.093604446,0.405089053,0.219858889,0.111771832,0.366070934,0.071180541,0.030934155,0.123987845,0.816006535,0.722079458,0.939231346,-0.538762993,-0.716878445,-0.292157631
salasa_river_zam24,177.5101672,583.6426974,92.34927239,88.77104899,392.3768321,0.330768682,0.25113783,0.451601197,0.028845832,0.021458515,0.038826142,0.641537941,0.48838476,0.865457128,1.000000034,0.999999938,1.000000282,0,0,0,0.450969571,0.128294162,0.84723012,0.124535539,0.030861708,0.235747077,0.168150351,0.034674443,0.405302668,0,0,0,0.988657163,0.280066818,1.694894361,1.004187045,0.416151888,1.681515012,0.019435764,0.007821474,0.031652179,0,0,0,0,0,0,0.004274152,0.001797268,0.007114503,0.095654358,0.030456105,0.227664066,0.018121284,0.007390422,0.038330438,0.440848062,0.17370343,0.887926653,0,0,0,0.914557447,0.392839415,1.774026156,0.450728057,0.192856411,0.730204761,0.946029644,0.835103334,1.058944471,0.028302602,0.013051696,0.044264266,0,0,0,1.135836847,0.820463429,1.576485063,-1.675504466,-2.497345659,-0.888195541,-0.152327653,-0.298183598,-0.05578726,-0.472838708,-0.875251062,-0.148546362,0,0,0,-2.659229084,-3.497195241,-1.617259621,0.156836215,0.125663592,0.203963264,0.215296372,0.064511351,0.384506747,0.223619391,0.092194179,0.369196254,0.089808593,0.036442635,0.164645629,0.745774617,0.651525036,0.856984825,-0.620735633,-0.753024465,-0.327830207
bagsit_river_zam24,119.5569791,731.3815721,41.68662019,25.01903929,423.1457522,0.14409072,0.108422023,0.196525562,0.006446161,0.004872495,0.008695926,0.400150689,0.300022154,0.523035449,0.999999961,0.999999855,1.000000694,0,0,0,0.790506884,0.34391343,1.411389701,0.118930009,0.043006334,0.210451346,0.525622098,0.21976314,0.938167604,0,0,0,1.075457448,0.393075976,1.860697536,1.296783333,0.536737937,2.354322305,0.013740238,0.00543268,0.0251286,0,0,0,0,0,0,0.003461066,0.001413209,0.006437042,0.088339024,0.025974238,0.240050718,0.00931414,0.00334276,0.022310187,0.622473127,0.283632525,1.445799655,0,0,0,0.57651686,0.220933062,1.201235656,0.734642559,0.328527211,1.171193336,0.953713729,0.870913556,1.022527735,0.076403196,0.040210562,0.115466934,0,0,0,1.376930136,0.883984019,1.849419902,-2.526841636,-3.964790358,-1.35014405,-0.118282093,-0.224699578,-0.044131697,-0.896366768,-1.939262259,-0.298541432,0,0,0,-2.435379693,-3.589249051,-1.504690588,0.043979473,0.034028395,0.058103515,0.244481984,0.101928158,0.412818499,0.185328094,0.077115248,0.334240624,0.051657571,0.024951659,0.12960312,0.90414532,0.806483887,0.994295894,-0.524064017,-0.778190041,-0.295332057
bancal_river_zam24,181.3143087,1360.324115,3452.214016,1436.986997,564.493165,5.85309582,4.36020456,7.648814175,0.225981319,0.173713963,0.302234218,0.394057944,0.288418755,0.531631867,1.004436714,1.000002041,1.035001206,0,0,0,0.027118312,1.03E-05,1.56337636,0.001840375,1.37E-06,0.198506855,0.000312903,1.34E-07,0.018892695,0,0,0,0.039935057,1.57E-05,2.150293495,6.043866702,1.866227875,10.33753895,0.050888283,0.016806398,0.090562426,0,0,0,0,0,0,0.017342394,0.00556464,0.031195086,2.559584623,1.276874852,4.724942597,0.324124507,0.194205081,0.512088564,0.662440633,0.506799691,0.795308795,0,0,0,17.68907308,14.75526928,20.9132236,0.571272986,0.207751719,1.254978196,0.89689011,0.395553469,1.504322517,0.001177357,0.000399079,0.002760345,0,0,0,1.666092168,0.744549032,2.928714604,-17.24182596,-20.36358456,-14.15857168,-0.692308842,-1.172930176,-0.316758181,-0.105916154,-0.189700975,-0.051012899,0,0,0,-20.60682272,-23.64040944,-17.84921425,0.577614349,0.421324949,0.726778616,0.001717279,8.29E-07,0.129251215,0.234396366,0.072589607,0.397596082,0.68256627,0.510831109,0.844552804,0.272460787,0.122216512,0.452875719,-0.999977301,-0.999999409,-0.890375803
bucao_river_zam24,583.4092345,1021.296825,447.2868396,160.3333991,713.8277458,0.184746485,0.144050034,0.242880357,0.029956411,0.021961533,0.041762149,0.242121057,0.186541547,0.336141818,1.000000083,0.999999997,1.000000565,0,0,0,0.399105219,0.145357711,0.581720074,0.190295239,0.071231208,0.319936235,0.110982367,0.023980462,0.27017757,0,0,0,1.483717375,0.601467565,2.288750911,1.624907747,1.046502992,2.090538118,0.059151265,0.038588573,0.078671687,0,0,0,0,0,0,0.012273436,0.008099401,0.016360069,0.192345022,0.080890909,0.374916198,0.08111223,0.041854062,0.126361061,0.836368567,0.575775816,1.094135868,0,0,0,3.324667923,2.313771718,4.643760765,0.227754052,0.100596058,0.37850189,0.954878776,0.766989447,1.233810257,0.010081319,0.005048649,0.016188529,0,0,0,1.097839807,0.766372201,1.576281275,-1.835016687,-2.228141627,-1.417735958,-0.379461733,-0.590465794,-0.163552089,-0.288947195,-0.524002773,-0.124872368,0,0,0,-5.353971707,-6.493091879,-4.323296596,0.12517895,0.09635233,0.162595589,0.259115094,0.08163015,0.355116482,0.491688988,0.318043135,0.630319648,0.289930094,0.202239238,0.389770661,0.547318745,0.422508322,0.707409372,-0.800080345,-0.968224912,-0.685550079
dapya_river_zam24,142.880667,1051.261881,84.40938985,44.83118495,674.3434506,0.219401411,0.173107675,0.293329017,0.008411002,0.006320353,0.011369734,0.368606207,0.279309122,0.498473387,0.999999987,0.99999989,1.000000295,0,0,0,1.048872061,0.366072514,1.705582907,0.121917253,0.039475178,0.235853558,0.39391548,0.114311203,0.833989475,0,0,0,1.071434443,0.3408865,1.741723124,1.481137274,0.529083791,3.044023287,0.012608761,0.004670467,0.025873741,0,0,0,0,0,0,0.00297178,0.001033087,0.005904134,0.183324012,0.058814386,0.449199988,0.014639092,0.006328325,0.031498838,0.709158506,0.345624306,1.498008465,0,0,0,0.772163793,0.398107516,1.539047415,0.830518417,0.379095546,1.397787721,0.948005488,0.859982376,1.031348246,0.049269425,0.024825465,0.080387474,0,0,0,1.212731778,0.883557169,1.616336273,-3.620070672,-5.159751519,-1.986394937,-0.133488604,-0.228824266,-0.058733988,-0.779269657,-1.679249562,-0.297306357,0,0,0,-2.51452296,-3.367119181,-1.505564016,0.058173009,0.044377246,0.074135091,0.263809437,0.09395515,0.447621528,0.175645916,0.062751405,0.361511108,0.087165282,0.044598737,0.175179669,0.905739229,0.79343415,0.993783508,-0.66883091,-0.799725877,-0.367140328
maloma_river_zam24,235.7569448,863.3704752,286.6608934,138.5242434,806.7486477,0.392954506,0.300975392,0.527426645,0.031436012,0.022394384,0.041031976,0.337096379,0.257484185,0.474833049,1.000000073,0.999999988,1.003365046,0,0,0,0.690878831,0.223415005,1.039169275,0.161356053,0.051483158,0.289960057,0.133654003,0.022452947,0.260195235,0,0,0,0.89200467,0.338594694,1.441272439,1.395037126,0.594823094,2.296899705,0.025190338,0.009946516,0.040032107,0,0,0,0,0,0,0.003846899,0.001658098,0.006087483,0.298511143,0.124035822,0.611310415,0.05261273,0.029040493,0.10340186,0.739136133,0.486527522,1.032789366,0,0,0,1.829130578,1.1936657,2.671710386,0.513129588,0.249177635,0.860788092,0.969851523,0.796757723,1.1588224,0.014369685,0.008173003,0.023054966,0,0,0,0.853020604,0.573854503,1.225052091,-2.82016601,-3.460606934,-2.079084912,-0.2840836,-0.448267808,-0.13128146,-0.310782009,-0.544454682,-0.141579806,0,0,0,-2.904410911,-3.628240242,-2.225105002,0.158565538,0.121282716,0.215185771,0.264673713,0.083840817,0.392619284,0.253931475,0.107895159,0.417914297,0.253849461,0.176569911,0.370463189,0.710293659,0.565309443,0.85681722,-0.774367543,-0.957061329,-0.620957573
