sample_id,Ca,Mg,Na,Cl,F_Ca_prec,F_Ca_prec_pct25,F_Ca_prec_pct75,F_Mg_prec,F_Mg_prec_pct25,F_Mg_prec_pct75,F_Na_prec,F_Na_prec_pct25,F_Na_prec_pct75,F_Cl_prec,F_Cl_prec_pct25,F_Cl_prec_pct75,F_Ca_bslt,F_Ca_bslt_pct25,F_Ca_bslt_pct75,F_Mg_bslt,F_Mg_bslt_pct25,F_Mg_bslt_pct75,F_Na_bslt,F_Na_bslt_pct25,F_Na_bslt_pct75,F_Cl_bslt,F_Cl_bslt_pct25,F_Cl_bslt_pct75,F_Ca_carb,F_Ca_carb_pct25,F_Ca_carb_pct75,F_Mg_carb,F_Mg_carb_pct25,F_Mg_carb_pct75,F_Na_carb,F_Na_carb_pct25,F_Na_carb_pct75,F_Cl_carb,F_Cl_carb_pct25,F_Cl_carb_pct75,F_Ca_flsc,F_Ca_flsc_pct25,F_Ca_flsc_pct75,F_Mg_flsc,F_Mg_flsc_pct25,F_Mg_flsc_pct75,F_Na_flsc,F_Na_flsc_pct25,F_Na_flsc_pct75,F_Cl_flsc,F_Cl_flsc_pct25,F_Cl_flsc_pct75,F_Ca_umfc,F_Ca_umfc_pct25,F_Ca_umfc_pct75,F_Mg_umfc,F_Mg_umfc_pct25,F_Mg_umfc_pct75,F_Na_umfc,F_Na_umfc_pct25,F_Na_umfc_pct75,F_Cl_umfc,F_Cl_umfc_pct25,F_Cl_umfc_pct75,F_norm_prec,F_norm_25_prec,F_norm_75_prec,F_norm_bslt,F_norm_25_bslt,F_norm_75_bslt,F_norm_carb,F_norm_25_carb,F_norm_75_carb,F_norm_flsc,F_norm_25_flsc,F_norm_75_flsc,F_norm_umfc,F_norm_25_umfc,F_norm_75_umfc
lawis_river_schopka,63,833,55,39,0.370433872,0.276943131,0.491277604,0.008478153,0.006050167,0.011359862,0.494541498,0.382348678,0.652759453,0.999999885,0.988554038,0.999999991,0.014742246,2.13E-06,0.128691525,0.000694396,1.22E-07,0.00789056,0.002820968,3.95E-07,0.028254147,0,0,0,0.021155796,1.96E-06,0.13027313,9.97E-05,9.30E-09,0.00064886,0,0,0,0,0,0,0.102094352,0.033042882,0.217499968,0.005382504,0.002482011,0.010978788,0.379503992,0.226540839,0.520272198,0,0,0,0.327104689,0.171587096,0.509180024,0.970444257,0.951511806,0.978091264,0.068696856,0.037731166,0.10102982,0,0,0,0.061770464,0.047477621,0.077402716,0.002095411,2.84E-07,0.017551948,0.001483511,1.39E-07,0.009224875,0.038449137,0.022104174,0.051250754,0.869447434,0.857604956,0.881014526
bulsa_river_ds_schopka,500,612,358,41,0.052580959,0.041951854,0.069388099,0.012421939,0.009119933,0.016129931,0.073776621,0.056568689,0.095113207,0.999999904,0.999999859,0.999999953,0.237640015,0.152874524,0.284741735,0.163507971,0.083717341,0.229922146,0.066237727,0.014843386,0.123281754,0,0,0,0.260598632,0.093687629,0.395217408,0.014055419,0.004980074,0.021061859,0,0,0,0,0,0,0.286733471,0.134551272,0.539667271,0.126788657,0.074296653,0.21476962,0.8343069,0.785186267,0.881045083,0,0,0,0.104927475,0.041012676,0.186512089,0.662490914,0.581257238,0.745323423,0.005512712,0.002690293,0.008321197,0,0,0,0.041141006,0.033632713,0.052778111,0.182704492,0.107103583,0.215848672,0.094127125,0.034263871,0.143352469,0.362985357,0.28388213,0.465713314,0.315294194,0.269555305,0.359625143
camiling_river_us_schopka,460,842,213,33,0.045883569,0.034304627,0.061090274,0.006994407,0.005374503,0.009387338,0.097891294,0.076944132,0.121938318,0.99999989,0.999999828,0.999999949,0.251722787,0.180746521,0.294578868,0.121693183,0.06441744,0.165880967,0.1282476,0.046591929,0.221376906,0,0,0,0.245510196,0.113041177,0.394188174,0.008695207,0.004081055,0.013695376,0,0,0,0,0,0,0.156128749,0.062830807,0.373745987,0.049330462,0.030043221,0.075855442,0.745029137,0.654690651,0.827473235,0,0,0,0.196290134,0.095311554,0.364044634,0.80188906,0.748141492,0.843014852,0.015162543,0.007757698,0.022758587,0,0,0,0.031087262,0.026125064,0.038833936,0.174475006,0.117164526,0.210070799,0.079568339,0.036482895,0.127137434,0.176081723,0.142324512,0.263907935,0.505698781,0.457975518,0.570051188
malabobo_river_schopka,546,792,203,40,0.048352771,0.037145714,0.065648215,0.009213083,0.006960797,0.012944149,0.130360524,0.098621069,0.175122004,0.999999903,0.999999859,0.999999949,0.253049972,0.22387957,0.287500842,0.161118875,0.110850825,0.214426958,0.191178203,0.10109878,0.27171831,0,0,0,0.352872614,0.224814448,0.457348013,0.015026307,0.009814711,0.020201835,0,0,0,0,0,0,0.13696029,0.058199634,0.286111073,0.046449129,0.028776721,0.077257638,0.64772685,0.555440497,0.755221631,0,0,0,0.161666737,0.072135088,0.253374917,0.751878007,0.697800742,0.800754087,0.014471536,0.007048295,0.020828292,0,0,0,0.039758264,0.030871125,0.052633981,0.207083875,0.172068784,0.232095546,0.132720155,0.085324971,0.172941281,0.157015049,0.122865654,0.224104083,0.44241138,0.397026152,0.494426285
dumoloc_river_schopka,698,1000,294,50,0.047463727,0.035536253,0.06266012,0.009413454,0.006855002,0.012603771,0.11145052,0.088363564,0.149275105,0.999999899,0.99999985,0.999999941,0.263125138,0.226433447,0.296512241,0.162573083,0.109345959,0.215174944,0.147336284,0.061783146,0.231954266,0,0,0,0.329886649,0.185427938,0.448233538,0.014878702,0.008275844,0.019883551,0,0,0,0,0,0,0.149317937,0.059816168,0.326052875,0.063608701,0.03330679,0.100986734,0.710580366,0.624661516,0.801828322,0,0,0,0.143346534,0.058100174,0.244816889,0.742766239,0.683480608,0.798063658,0.012459667,0.005762499,0.01915594,0,0,0,0.037742551,0.030343194,0.050127271,0.205279871,0.167585718,0.232726931,0.123187834,0.069284982,0.167203883,0.187890031,0.143764059,0.265889074,0.423064458,0.382631587,0.477707844
malabobo_river_schopka,589,837,206,29,0.033911083,0.025588382,0.046072308,0.006367926,0.004953516,0.008838753,0.087426009,0.066335451,0.124388807,0.999999852,0.999999793,0.999999908,0.259411314,0.22844871,0.293510879,0.169222838,0.121318778,0.224327047,0.197800479,0.090358273,0.287937729,0,0,0,0.35274376,0.231750971,0.477332645,0.016164945,0.01022877,0.020501182,0,0,0,0,0,0,0.155038539,0.063175196,0.274326501,0.050399683,0.028678144,0.08154601,0.690914719,0.589533128,0.800471927,0,0,0,0.153711477,0.070082768,0.25750393,0.749898248,0.687310175,0.798761456,0.015634533,0.008476572,0.023585841,0,0,0,0.027330781,0.021677606,0.035021533,0.213355846,0.185400538,0.239909529,0.13618571,0.088850331,0.182565219,0.165302188,0.127446214,0.221634973,0.436719577,0.39556527,0.484921074
malabobo_river_schopka,581,842,191,23,0.025014744,0.019635324,0.034027669,0.005030896,0.003840044,0.006680075,0.079127128,0.060187917,0.105645569,0.999999803,0.999999713,0.999999888,0.268255214,0.241033733,0.29976921,0.168087496,0.119649396,0.219767124,0.210326578,0.110008299,0.309318551,0,0,0,0.372838396,0.259588117,0.475431312,0.015953757,0.011133402,0.021328289,0,0,0,0,0,0,0.121473193,0.049119974,0.252844179,0.047090977,0.028045899,0.074834548,0.686999102,0.585737368,0.789497254,0,0,0,0.155168767,0.070959473,0.258698003,0.754865499,0.699921603,0.804643588,0.015058779,0.008250569,0.02331917,0,0,0,0.021066157,0.016985822,0.027332963,0.215794601,0.185848595,0.242637467,0.142580805,0.099153691,0.183028638,0.150917773,0.119112015,0.205288264,0.447066375,0.406200649,0.497974197
lawis_river_schopka,44,850,51,41,0.486785221,0.388606896,0.594766589,0.008183971,0.006065133,0.010285237,0.536960326,0.423711037,0.725452467,0.99999982,0.973802589,0.999999986,1.07E-05,6.05E-07,0.066219265,4.62E-07,3.06E-08,0.002942069,2.29E-06,1.41E-07,0.012974163,0,0,0,1.00E-05,5.36E-07,0.070716977,3.58E-08,1.96E-09,0.000230243,0,0,0,0,0,0,0.094178941,0.030733896,0.210476921,0.003470261,0.001578838,0.007115179,0.349338282,0.154058537,0.483081444,0,0,0,0.280664153,0.16518488,0.447586063,0.978092621,0.957310106,0.983775167,0.070996384,0.038764219,0.106628007,0,0,0,0.059134145,0.049317405,0.073215349,1.03E-06,6.12E-08,0.006313585,4.99E-07,2.67E-08,0.003504612,0.029495285,0.014787225,0.040884787,0.892716832,0.880796499,0.900172677
lawis_river_schopka,53,1291,55,38,0.428273969,0.327631326,0.531273699,0.005112355,0.003895386,0.006652705,0.467709241,0.345835371,0.627576197,0.999999793,0.978761043,0.99999996,1.15E-05,8.77E-07,0.083762859,4.78E-07,3.42E-08,0.002938283,2.46E-06,1.47E-07,0.015937584,0,0,0,1.15E-05,5.67E-07,0.084248671,3.31E-08,1.55E-09,0.00022009,0,0,0,0,0,0,0.110198325,0.03873841,0.231216211,0.003862019,0.001437824,0.006152537,0.380682625,0.206479609,0.507543471,0,0,0,0.318068009,0.174365414,0.477710913,0.983061001,0.96298647,0.987762737,0.118346996,0.06677119,0.161896057,0,0,0,0.038212448,0.031876623,0.050939047,9.78E-07,7.80E-08,0.006802376,4.63E-07,2.28E-08,0.003377148,0.024463901,0.014469133,0.033073292,0.918856555,0.907464822,0.926181039
bulsa_river_ds_zam22,481.2116373,580.0452582,326.7540444,57.25890616,0.077792178,0.059954878,0.104372978,0.018977215,0.013279306,0.026284711,0.121174024,0.089104907,0.153541149,0.999999941,0.999999912,0.999999971,0.231517352,0.14012415,0.271635398,0.154713524,0.079359165,0.226287879,0.071362747,0.02295034,0.136118395,0,0,0,0.259083981,0.097721011,0.392502256,0.014271344,0.00496783,0.021360035,0,0,0,0,0,0,0.26980762,0.107268116,0.548423961,0.118845983,0.067701105,0.184936799,0.778288759,0.725603776,0.836088099,0,0,0,0.115376495,0.045999892,0.196441895,0.676532573,0.6052042,0.744853774,0.005551311,0.002586241,0.008254825,0,0,0,0.063003994,0.049957013,0.080761042,0.177073679,0.103181928,0.216649245,0.096127897,0.035908088,0.14445501,0.335854399,0.252842653,0.454537832,0.323145566,0.28649823,0.365765947
bulsa_river_us_zam22,456.5098059,571.5696359,297.65,36.10413787,0.055264023,0.042411434,0.070079143,0.011676575,0.008895893,0.015509914,0.079716889,0.060760747,0.1051201,0.999999909,0.999999865,0.999999952,0.252331897,0.164510321,0.293935818,0.175001086,0.101724759,0.230677749,0.084973793,0.028002879,0.151655442,0,0,0,0.301902317,0.125637096,0.420672206,0.015809467,0.006325615,0.021988922,0,0,0,0,0,0,0.211963373,0.089970657,0.484805797,0.112293227,0.061323062,0.171919945,0.812917571,0.751402293,0.862944384,0,0,0,0.113466266,0.051160876,0.191232552,0.675646729,0.607597124,0.738164147,0.006478475,0.003059898,0.009995661,0,0,0,0.042415122,0.033856242,0.054678292,0.197258013,0.127192357,0.224064119,0.110149585,0.046028322,0.154411624,0.300946423,0.246159496,0.436126177,0.330393576,0.292723503,0.378062088
camiling_river_ds_zam22,510.9661161,894.1164369,258.27,94.63233013,0.125274999,0.097364195,0.168147408,0.020560788,0.015100649,0.027580159,0.238421655,0.175784925,0.323516562,0.999999956,0.999999931,0.99999998,0.210102916,0.130458445,0.258544358,0.104454483,0.060330295,0.151954976,0.086225197,0.029828207,0.172917801,0,0,0,0.200605485,0.079072247,0.328103895,0.007281431,0.002977618,0.012054733,0,0,0,0,0,0,0.17892965,0.067199388,0.341407795,0.049525149,0.027881195,0.078620499,0.618715186,0.52326694,0.716788209,0,0,0,0.212519088,0.092475808,0.357410321,0.805699116,0.751451424,0.844853663,0.013799706,0.006704197,0.020087548,0,0,0,0.088945195,0.069458627,0.113431038,0.146386302,0.085177751,0.183260326,0.065965527,0.025934472,0.107198291,0.177029877,0.13195697,0.249379998,0.495144299,0.443873043,0.554692576
malabobo_river_zam22,560.4321573,739.1894672,247.18,47.52771275,0.054496105,0.042815499,0.072857646,0.012171637,0.008971346,0.016447017,0.126469702,0.09903235,0.168283532,0.999999924,0.999999882,0.999999962,0.255525337,0.224657228,0.282777068,0.171414667,0.125264944,0.22915736,0.14702765,0.065210847,0.231193884,0,0,0,0.337393181,0.201745946,0.431811761,0.01609518,0.009927738,0.022088294,0,0,0,0,0,0,0.170854271,0.081985187,0.307672062,0.064208416,0.037202778,0.101948937,0.701512208,0.618196146,0.778639967,0,0,0,0.138441767,0.067051686,0.227027124,0.716912109,0.65942457,0.773577486,0.010894001,0.005049567,0.015665862,0,0,0,0.046894375,0.036874704,0.062095831,0.209995298,0.172663435,0.234936389,0.130434565,0.078067119,0.167121046,0.201139749,0.159186817,0.269330818,0.389830031,0.351202838,0.438393638
bayaoas_river_zam22,603.4358002,792.5529726,216.23,65.86184526,0.070182619,0.055922784,0.095475542,0.015671594,0.011799005,0.020706712,0.194602922,0.149299012,0.271356083,0.99999994,0.999999908,0.999999965,0.247496775,0.215289741,0.275400001,0.169523369,0.124810239,0.222812331,0.179889847,0.098763856,0.251783185,0,0,0,0.365596729,0.248386725,0.472879333,0.017650373,0.011833427,0.023205943,0,0,0,0,0,0,0.124511638,0.052084784,0.231912511,0.049660947,0.028451908,0.079361516,0.585235423,0.505915559,0.674144812,0,0,0,0.136804183,0.060093095,0.233864547,0.736808031,0.677022773,0.786088741,0.013690754,0.007097228,0.021097968,0,0,0,0.061895313,0.049402784,0.077841167,0.205665394,0.178495662,0.231108201,0.145535598,0.099408369,0.188560543,0.150944644,0.116222109,0.202454636,0.407430824,0.371986349,0.461382245
dumoloc_river_zam22,756.3625929,809.0722074,389.63,61.6308916,0.054806593,0.04093879,0.072599187,0.013996617,0.010052839,0.019474818,0.100180661,0.077299505,0.136314899,0.999999923,0.999999884,0.999999959,0.247124965,0.212427489,0.275669649,0.21374448,0.141979225,0.272036055,0.123632318,0.049570637,0.210857665,0,0,0,0.3600659,0.180561514,0.47594438,0.02155528,0.010733338,0.028364789,0,0,0,0,0,0,0.187906907,0.074207719,0.398948682,0.111667258,0.064033512,0.166580243,0.754333313,0.66580814,0.828445994,0,0,0,0.103883087,0.05151451,0.15961793,0.623074969,0.562563494,0.701057823,0.005882382,0.002788676,0.009650819,0,0,0,0.047349908,0.036854316,0.06295086,0.224492264,0.182963313,0.239659914,0.148141421,0.074380232,0.195844346,0.265818595,0.210629051,0.373133032,0.29775303,0.266395822,0.343202801
mapita_river_zam22,761.2031538,840.5266406,297.68,35.68104251,0.030557039,0.023847557,0.039847628,0.007783299,0.005918333,0.010716974,0.074860316,0.059445509,0.101619476,0.99999987,0.999999798,0.999999924,0.256497414,0.22223317,0.289740674,0.209116055,0.149152994,0.265989435,0.165802153,0.069129042,0.259869333,0,0,0,0.387348264,0.222321193,0.504445359,0.022050672,0.013025587,0.029055118,0,0,0,0,0,0,0.182110806,0.073620636,0.348718249,0.078938514,0.045789417,0.12906045,0.742157078,0.643729981,0.83568337,0,0,0,0.092614795,0.042025531,0.172463791,0.665975907,0.585816789,0.73148741,0.009021778,0.004161176,0.013450047,0,0,0,0.027083781,0.022492027,0.035977561,0.232128294,0.202713275,0.248573877,0.16702294,0.09487238,0.215973548,0.217821377,0.167034753,0.305923856,0.332809412,0.296485053,0.374079261
pmb1_zam22,815.1105345,1766.220942,164.79,101.5428878,0.081879024,0.063900607,0.109144731,0.010662366,0.007624563,0.013898999,0.386678763,0.29555194,0.509937106,0.999999931,0.999999886,0.999999969,0.148762946,0.106666108,0.226371475,0.061282316,0.036639986,0.105092918,0.190442403,0.098053399,0.250418354,0,0,0,0.347393072,0.20251666,0.520385901,0.010736979,0.005944054,0.015552008,0,0,0,0,0,0,0.033917542,0.013794299,0.076741371,0.008647161,0.004686187,0.015067021,0.334413129,0.2501007,0.444197146,0,0,0,0.314346537,0.143162417,0.489579319,0.903372641,0.859974588,0.928454799,0.049136576,0.028698847,0.071745468,0,0,0,0.05407928,0.043529012,0.071515183,0.098395071,0.069535293,0.144885866,0.110139262,0.063636676,0.164554274,0.038447682,0.025647992,0.05651953,0.673196571,0.615577037,0.731431062
pmb2_zam22,1058.797844,1924.830282,142.17,83.06772346,0.04982657,0.040247077,0.06739611,0.007668298,0.00583572,0.010287831,0.36962421,0.292125507,0.504205328,0.999999899,0.999999851,0.999999947,0.120592853,0.082079749,0.210062532,0.059815973,0.036066438,0.119464856,0.238659975,0.160477632,0.291237915,0,0,0,0.501916835,0.358008612,0.645397005,0.017746863,0.012404048,0.02266789,0,0,0,0,0,0,0.020605271,0.007657655,0.045046213,0.006262655,0.0032264,0.010836505,0.308809948,0.223261514,0.374624865,0,0,0,0.244510303,0.127499582,0.38420158,0.90228031,0.847486581,0.927886673,0.058804787,0.02879148,0.090904265,0,0,0,0.038574435,0.031515031,0.052511275,0.089811549,0.061554782,0.155325953,0.180893624,0.129277229,0.232594029,0.026159311,0.017731349,0.036503995,0.62978789,0.580368645,0.689514577
pmb4_zam22,1001.908778,1782.657889,124.71,98.01709305,0.061984016,0.049230078,0.086187371,0.009913823,0.007490102,0.013198742,0.515245069,0.398294727,0.668763398,0.999999912,0.999999845,0.999999954,0.088842159,0.056797745,0.155253771,0.04270583,0.024203668,0.088990569,0.184128386,0.105811932,0.246292976,0,0,0,0.519846548,0.388275566,0.674225694,0.018769261,0.013779651,0.023788644,0,0,0,0,0,0,0.012340655,0.00364246,0.0315669,0.003943063,0.001785316,0.008715879,0.223102977,0.132342514,0.291782055,0,0,0,0.270832928,0.126473292,0.408702972,0.91788865,0.875397941,0.940167827,0.064226343,0.034467364,0.098563825,0,0,0,0.05083271,0.040053983,0.064905407,0.065748903,0.043675611,0.119082569,0.191267564,0.142285975,0.245821309,0.017207961,0.009830611,0.028127983,0.644012762,0.590073107,0.708047729
pmb3_zam22,984.4428365,1789.775766,109.51,92.93994866,0.060233815,0.045535971,0.080961781,0.009546881,0.006858116,0.01259005,0.548705483,0.430303548,0.721661057,0.999999892,0.999999806,0.999999949,0.074249847,0.032869154,0.1374792,0.032980765,0.014767417,0.073620336,0.16347783,0.079451309,0.232947673,0,0,0,0.524519658,0.372897986,0.673983875,0.018725071,0.013128783,0.024105801,0,0,0,0,0,0,0.009496547,0.00219327,0.02561243,0.002806954,0.00098537,0.005966657,0.185281062,0.100694376,0.274674132,0,0,0,0.283632511,0.136102544,0.43139516,0.93258885,0.891688814,0.949731886,0.070507842,0.033320102,0.112978563,0,0,0,0.047121947,0.037865624,0.062992596,0.055248843,0.026582495,0.097728979,0.190806676,0.135221313,0.246718751,0.01326806,0.006322691,0.022692293,0.667152151,0.605483246,0.728120903
sc7_zam22,60.94365986,1283.563053,262.42,263.8704764,NaN,NaN,NaN,NaN,NaN,NaN,NaN,NaN,NaN,NaN,NaN,NaN,NaN,NaN,NaN,NaN,NaN,NaN,NaN,NaN,NaN,NaN,NaN,NaN,NaN,NaN,NaN,NaN,NaN,NaN,NaN,NaN,NaN,NaN,NaN,NaN,NaN,NaN,NaN,NaN,NaN,NaN,NaN,NaN,NaN,NaN,NaN,NaN,NaN,NaN,NaN,NaN,NaN,NaN,NaN,NaN,NaN,NaN,NaN,NaN,NaN,NaN,NaN,NaN,NaN,NaN,NaN,NaN,NaN,NaN,NaN,NaN,NaN,NaN,NaN
lawis_river_zam22,233.6942961,995.926764,120.53,52.04072998,0.144268553,0.111810996,0.199413414,0.009911972,0.007271754,0.013518369,0.290515478,0.218437054,0.379653373,0.99999993,0.999999862,0.999999974,0.137447908,3.99E-06,0.234888049,0.02637816,1.09E-06,0.050842206,0.043477183,2.80E-06,0.132303878,0,0,0,0.103110148,2.29E-06,0.251755028,0.001498422,3.76E-08,0.003785727,0,0,0,0,0,0,0.134140413,0.056510897,0.261912626,0.01807597,0.010394688,0.029324903,0.587298691,0.470674046,0.671470316,0,0,0,0.369962856,0.158752429,0.618519173,0.923602286,0.894390855,0.943750093,0.036027673,0.020234565,0.053010342,0,0,0,0.058328111,0.045902542,0.078488081,0.054219866,1.68E-06,0.089165578,0.018980179,4.23E-07,0.046715488,0.090422316,0.066702553,0.118635245,0.745086805,0.707085875,0.789577233
masinloc_river_zam22,226.8077249,684.4270726,358.42,95.46767227,0.260855645,0.205933119,0.329855342,0.024051978,0.017715734,0.031219734,0.175032822,0.130545811,0.225884621,0.99999994,0.994867559,0.999999974,0.042383965,2.51E-06,0.156127021,0.012887131,6.45E-07,0.041583027,0.005309213,2.59E-07,0.020109763,0,0,0,0.035670896,2.05E-06,0.143899222,0.000710596,4.29E-08,0.003186081,0,0,0,0,0,0,0.250683331,0.120018612,0.431566403,0.093176576,0.052561263,0.143713998,0.786283115,0.726671114,0.84273988,0,0,0,0.239341857,0.1215315,0.446844083,0.838934765,0.782694859,0.881542533,0.007752687,0.003376584,0.011718142,0,0,0,0.107603852,0.088180964,0.137165216,0.016625255,9.10E-07,0.060526397,0.006726601,3.91E-07,0.027486535,0.325692968,0.282716112,0.368048011,0.500866062,0.464681497,0.536472524
salasa_river_zam22,268.2144818,1023.61654,1505.02,2321.665303,NaN,NaN,NaN,NaN,NaN,NaN,NaN,NaN,NaN,NaN,NaN,NaN,NaN,NaN,NaN,NaN,NaN,NaN,NaN,NaN,NaN,NaN,NaN,NaN,NaN,NaN,NaN,NaN,NaN,NaN,NaN,NaN,NaN,NaN,NaN,NaN,NaN,NaN,NaN,NaN,NaN,NaN,NaN,NaN,NaN,NaN,NaN,NaN,NaN,NaN,NaN,NaN,NaN,NaN,NaN,NaN,NaN,NaN,NaN,NaN,NaN,NaN,NaN,NaN,NaN,NaN,NaN,NaN,NaN,NaN,NaN,NaN,NaN,NaN,NaN
bagsit_river_zam22,160.611807,1033.552767,125.97,59.09231941,0.235871057,0.178424156,0.312705362,0.010671027,0.007768311,0.013977253,0.326089523,0.243711051,0.435509741,0.999999926,0.996948434,0.999999971,0.054938386,1.79E-06,0.178172484,0.007619069,1.92E-07,0.023946509,0.011876529,3.57E-07,0.060002428,0,0,0,0.042245883,6.11E-07,0.164586014,0.000403602,6.70E-09,0.001667185,0,0,0,0,0,0,0.159178164,0.060104943,0.30213536,0.01728465,0.009946124,0.028437491,0.581785841,0.467368529,0.671965749,0,0,0,0.354193769,0.194155045,0.562908659,0.942120456,0.918961998,0.958058056,0.039483328,0.017793825,0.056969611,0,0,0,0.068887604,0.054495783,0.089421069,0.013659118,4.56E-07,0.048510295,0.005521023,7.88E-08,0.021372382,0.092882839,0.071738611,0.1137761,0.780216394,0.757734557,0.801980145
bancal_river_zam22,8297.320226,42813.82432,57166.73,90944.34886,NaN,NaN,NaN,NaN,NaN,NaN,NaN,NaN,NaN,NaN,NaN,NaN,NaN,NaN,NaN,NaN,NaN,NaN,NaN,NaN,NaN,NaN,NaN,NaN,NaN,NaN,NaN,NaN,NaN,NaN,NaN,NaN,NaN,NaN,NaN,NaN,NaN,NaN,NaN,NaN,NaN,NaN,NaN,NaN,NaN,NaN,NaN,NaN,NaN,NaN,NaN,NaN,NaN,NaN,NaN,NaN,NaN,NaN,NaN,NaN,NaN,NaN,NaN,NaN,NaN,NaN,NaN,NaN,NaN,NaN,NaN,NaN,NaN,NaN,NaN
bucao_river_zam22,827.6984879,850.6274429,1024.09,476.8284771,0.36690047,0.27790025,0.479220925,0.103664069,0.07631759,0.13841939,0.300644873,0.239005356,0.410714186,0.999999981,0.999999966,0.999999995,0.096916772,3.92E-06,0.165881338,0.074298132,4.62E-06,0.152265135,0.012478138,1.07E-06,0.03577011,0,0,0,0.088739982,2.35E-06,0.206319827,0.005722282,1.48E-07,0.012830409,0,0,0,0,0,0,0.282958277,0.13033525,0.468726397,0.185815162,0.104993294,0.275486625,0.656344303,0.549291842,0.72904853,0,0,0,0.080866026,0.033568983,0.133904282,0.597439026,0.486149602,0.677724759,0.00245203,0.001351528,0.00384854,0,0,0,0.257912217,0.211054569,0.35589099,0.066442007,3.04E-06,0.11668707,0.029136549,7.64E-07,0.067935241,0.389126501,0.325859204,0.463797316,0.214140879,0.174600697,0.246862359
maloma_river_zam22,280.7899596,860.4813824,304.87,91.95272614,0.209160631,0.154949578,0.270857496,0.019505393,0.014612571,0.027216438,0.204555902,0.150261746,0.281177217,0.999999941,0.998836669,0.999999973,0.061843871,3.01E-06,0.191958614,0.016652194,9.59E-07,0.057382841,0.007548711,6.97E-07,0.03907608,0,0,0,0.047336303,2.16E-06,0.177551305,0.001021149,4.49E-08,0.003849957,0,0,0,0,0,0,0.222674342,0.113390006,0.378646079,0.056678546,0.033752778,0.094043395,0.737359836,0.651618572,0.800988076,0,0,0,0.310480649,0.140946686,0.501850765,0.865985693,0.830574538,0.89923085,0.012664533,0.006767998,0.018475492,0,0,0,0.096026909,0.075203874,0.126919875,0.026059567,1.27E-06,0.082619462,0.009808198,4.47E-07,0.036800152,0.237029091,0.203036521,0.278367107,0.576764448,0.53851712,0.625543946
bulsa_river_us_zam23,447.3027596,529.0886649,290.4397365,57.40783573,0.079831953,0.062278043,0.104146564,0.018816746,0.014675799,0.024563843,0.127826251,0.09599572,0.175060609,0.999999945,0.999999914,0.999999982,0.236080766,0.133046921,0.27266984,0.165385718,0.088703636,0.228033714,0.076607307,0.020488269,0.140740054,0,0,0,0.26864575,0.074589996,0.398339156,0.014465213,0.004150552,0.021240051,0,0,0,0,0,0,0.2780312,0.104030307,0.552526273,0.125546608,0.068354154,0.193305601,0.766026612,0.702228491,0.82832716,0,0,0,0.110015719,0.05101338,0.186911312,0.665162716,0.589402209,0.732747413,0.005465444,0.002872791,0.008399036,0,0,0,0.065041491,0.053283591,0.083533374,0.183239131,0.094136684,0.220619043,0.100851961,0.028192206,0.148650032,0.320155015,0.245125418,0.450599645,0.318800023,0.279692567,0.35749347
camiling_river_ds_zam23,397.3002645,665.7889323,183.9059996,82.68975827,0.14156759,0.106062687,0.181574061,0.022534306,0.016848955,0.029219864,0.281433855,0.205937068,0.381085998,0.999999962,0.999999941,0.999999983,0.222647956,0.166228427,0.261830538,0.110326865,0.066273267,0.162444996,0.116688566,0.040844723,0.185236157,0,0,0,0.239592865,0.11713815,0.35222642,0.009194159,0.004594296,0.013697179,0,0,0,0,0,0,0.134171467,0.059560041,0.260116152,0.040245424,0.021890023,0.070890561,0.566836471,0.446516589,0.659932567,0,0,0,0.19605522,0.096056851,0.308837534,0.803808257,0.752410925,0.846636671,0.013443693,0.006991299,0.02147248,0,0,0,0.097842041,0.078796096,0.12959434,0.154017903,0.111585484,0.189949928,0.081357266,0.040072943,0.119312517,0.153688014,0.111664928,0.208513736,0.487266131,0.444945345,0.540313293
malabobo_river_zam23,408.5034183,525.5297264,160.833185,57.83177728,0.095083384,0.074810439,0.124425659,0.020335384,0.014678681,0.02732661,0.234408587,0.173576088,0.320388103,0.999999952,0.999999929,0.99999997,0.2360571,0.202049368,0.262653867,0.164978192,0.114705249,0.226184857,0.157923793,0.067869352,0.229187906,0,0,0,0.338154323,0.20332609,0.447763435,0.016962772,0.009954659,0.022333598,0,0,0,0,0,0,0.128363508,0.052614964,0.255514403,0.046716904,0.027059804,0.080926944,0.5663188,0.479866422,0.682690183,0,0,0,0.14499399,0.063291089,0.237591509,0.731116336,0.668172788,0.78569652,0.011354324,0.004506364,0.017477149,0,0,0,0.079361848,0.06356762,0.106444899,0.196337729,0.163425203,0.224678984,0.135168769,0.081234182,0.178599393,0.153870867,0.11740001,0.221488032,0.403974854,0.35879667,0.451474772
bayaoas_river_zam23,573.6064674,711.4996914,186.6120705,83.2803994,0.095896907,0.072445408,0.123553788,0.02191018,0.016870978,0.029541648,0.304800045,0.233907966,0.396768524,0.999999954,0.999999932,0.999999977,0.226554766,0.191703416,0.256873524,0.166101257,0.120843973,0.218450915,0.185364281,0.111839792,0.247995152,0,0,0,0.407741863,0.310959554,0.518372813,0.021287882,0.016302581,0.02708788,0,0,0,0,0,0,0.087146779,0.037404608,0.172692865,0.037356535,0.019329142,0.062812743,0.482174046,0.38177268,0.592848385,0,0,0,0.131133421,0.059208569,0.217367865,0.740113873,0.686396107,0.793238885,0.012509096,0.005765031,0.018949011,0,0,0,0.086604596,0.067824439,0.112822045,0.194712388,0.168576073,0.223860024,0.168768981,0.128990849,0.214902353,0.116496363,0.084574414,0.156757063,0.409414699,0.370564827,0.451437376
mapita_river_zam23,762.7875642,797.4490846,283.5677408,78.91461936,0.069069294,0.053079309,0.08850819,0.017522676,0.013034622,0.024157139,0.18156692,0.137269242,0.245261247,0.999999944,0.999999914,0.999999966,0.241989224,0.212732227,0.270639708,0.210445658,0.15518235,0.268871793,0.157773485,0.090650374,0.245966192,0,0,0,0.396073816,0.264125337,0.501887758,0.02456783,0.016534584,0.032042033,0,0,0,0,0,0,0.143742897,0.057276281,0.288699412,0.068308551,0.037292485,0.110025232,0.628161698,0.538742626,0.714238518,0,0,0,0.106995964,0.048673916,0.165790579,0.668187971,0.598981585,0.726397342,0.009509768,0.004555731,0.014439134,0,0,0,0.064051807,0.050986689,0.08394215,0.222285845,0.194906754,0.242173533,0.174814135,0.117010823,0.220485056,0.19041931,0.141122904,0.253300394,0.332048607,0.292949032,0.369663204
dumoloc_river_zam23,658.0418185,853.0343551,256.1153641,111.1556145,0.111712705,0.081017272,0.141086807,0.022566654,0.016810065,0.031477687,0.277458779,0.216094308,0.369540385,0.99999996,0.99999994,0.999999977,0.234058469,0.20242507,0.25960493,0.164699195,0.115930374,0.215634537,0.158756024,0.076323596,0.230484919,0,0,0,0.352113999,0.244978634,0.461697889,0.01757831,0.011845358,0.02285397,0,0,0,0,0,0,0.108409612,0.042557757,0.216847599,0.041544705,0.024425683,0.073965422,0.517711323,0.417016312,0.623040997,0,0,0,0.144725752,0.070070919,0.228046738,0.739350376,0.684502597,0.78933645,0.012914243,0.006548608,0.019005146,0,0,0,0.091428394,0.074850572,0.123139671,0.195279288,0.163844894,0.220816532,0.13994238,0.096448867,0.182910499,0.139769387,0.102855049,0.18792669,0.41039449,0.371119831,0.446838919
pmb1_zam23,910.1252558,1664.184324,163.5036496,173.7759851,0.121327148,0.096069254,0.161892937,0.018520756,0.014774389,0.02420464,0.658024632,0.504555574,0.818789779,0.999999937,0.999999887,0.999999975,0.09840374,0.042031573,0.164670618,0.044275577,0.01828124,0.090223258,0.110009429,0.044485809,0.175492623,0,0,0,0.452622772,0.312659708,0.607443616,0.016057862,0.010971037,0.021003011,0,0,0,0,0,0,0.01326979,0.00250222,0.033739462,0.003829635,0.001342133,0.008555942,0.169564035,0.070744957,0.265723351,0,0,0,0.258664117,0.105357481,0.418790234,0.915872832,0.867934592,0.939610588,0.046149258,0.022339975,0.068709139,0,0,0,0.091671495,0.075239582,0.112976129,0.070789126,0.034169423,0.117996288,0.159943658,0.111044505,0.214580128,0.019717364,0.007642529,0.034097286,0.633312122,0.583659783,0.703415855
pmb2_zam23,1005.18988,1797.737091,145.5937333,166.1103433,0.108918303,0.082350933,0.140784307,0.016561745,0.012428276,0.020914644,0.685037941,0.535363738,0.857630341,0.999999929,0.999999853,0.999999972,0.069678669,0.021528727,0.13554251,0.031496377,0.008972681,0.069643415,0.112400642,0.033641288,0.181909353,0,0,0,0.518086988,0.381226437,0.672938634,0.018397841,0.013065328,0.02430546,0,0,0,0,0,0,0.008106632,0.001743392,0.021641413,0.002537534,0.00061858,0.006660937,0.139591912,0.038454094,0.232650074,0,0,0,0.2355167,0.107982473,0.388418841,0.925329393,0.889739501,0.945290824,0.052439273,0.025440557,0.080011495,0,0,0,0.080258252,0.066556552,0.098218099,0.052768571,0.015306482,0.096634979,0.187322515,0.138178335,0.244233382,0.012382294,0.00380984,0.023358732,0.636616444,0.59169171,0.697443372
pmb3_zam23,745.047158,1839.662621,124.4436532,158.1113023,0.1320624,0.099716801,0.173110367,0.014963905,0.011178628,0.01952235,0.779352805,0.610898835,0.941771776,0.999999904,0.980941893,0.999999964,0.042086059,5.02E-06,0.100738963,0.013077127,1.82E-06,0.039559287,0.056165776,3.48E-06,0.124803479,0,0,0,0.438606041,0.237300021,0.628902579,0.011462981,0.005814707,0.016494653,0,0,0,0,0,0,0.005111363,6.79E-07,0.018722905,0.001186243,1.37E-07,0.003652559,0.084673269,6.63E-06,0.175784428,0,0,0,0.296710056,0.127443234,0.542492795,0.951900541,0.930118689,0.964201662,0.065528794,0.031722642,0.099240706,0,0,0,0.079698321,0.069708952,0.097221372,0.023361328,3.08E-06,0.064400065,0.128732467,0.069530467,0.185133427,0.00771527,7.03E-07,0.016831304,0.722557957,0.672299856,0.800097659
pmb4_zam23,1083.86147,1621.518206,143.7778173,132.5470341,0.080366933,0.061650782,0.109130236,0.015281265,0.01124453,0.020551025,0.58351138,0.455535771,0.787975612,0.999999924,0.999999881,0.999999961,0.082226642,0.041149904,0.141092111,0.048908518,0.021683148,0.092489725,0.165719922,0.070821983,0.221704334,0,0,0,0.579830101,0.455519766,0.702386755,0.025226317,0.019195898,0.029970893,0,0,0,0,0,0,0.011993965,0.003164801,0.034343279,0.004347661,0.001550264,0.009880954,0.19147708,0.084809928,0.272651512,0,0,0,0.209804414,0.102064381,0.332221283,0.901658142,0.857052492,0.929469321,0.048282368,0.023972715,0.073014137,0,0,0,0.06950733,0.055424146,0.088200891,0.070068589,0.035090253,0.11797624,0.2338509,0.183901383,0.284165761,0.018407642,0.007611537,0.031671489,0.587612685,0.537491142,0.640911968
sc7_zam23,49.77793303,1283.398478,153.0710344,19.80001692,0.247698162,0.186756717,0.312034238,0.002751496,0.002008799,0.003598395,0.080478986,0.060624142,0.106820245,0.999999533,0.985672213,0.999999775,0.008295455,5.68E-07,0.096385038,0.00027995,2.52E-08,0.003624266,0.000403202,5.10E-08,0.007306402,0,0,0,0.006157698,5.28E-07,0.084273169,1.62E-05,1.42E-09,0.00020655,0,0,0,0,0,0,0.280987048,0.173214032,0.431886484,0.017823756,0.011434526,0.030008879,0.859136599,0.819395016,0.887235867,0,0,0,0.325187325,0.175815612,0.491872205,0.964934302,0.945195993,0.977684476,0.037949954,0.020667629,0.054531971,0,0,0,0.018599823,0.015251829,0.024202343,0.000611168,4.60E-08,0.007475052,0.000219882,1.87E-08,0.003005365,0.115320516,0.107020188,0.125301018,0.845775381,0.831048382,0.857077351
sc5_zam23,62.17875143,1501.090311,134.9118747,27.70936169,0.262092866,0.207840182,0.33735063,0.003105172,0.002327577,0.00396628,0.134586044,0.101836122,0.177533639,0.999999668,0.985843525,0.999999841,0.020530154,6.74E-07,0.126263204,0.000711249,3.16E-08,0.004247969,0.00159299,8.72E-08,0.012840818,0,0,0,0.016581065,6.09E-07,0.11211769,4.36E-05,1.86E-09,0.000285621,0,0,0,0,0,0,0.24218164,0.149195006,0.393561511,0.013874032,0.008058487,0.021379071,0.788722309,0.726624243,0.828300106,0,0,0,0.297374223,0.160314103,0.492416854,0.969595237,0.951943355,0.979865025,0.050226029,0.026385598,0.072610012,0,0,0,0.022818844,0.01866635,0.029122029,0.001775111,6.65E-08,0.009643898,0.000644104,2.39E-08,0.004346862,0.084683261,0.077051301,0.092943658,0.870733946,0.856609028,0.879944985
sc1_zam23,321.8973003,1954.82411,4659.71159,107.7341833,0.197042259,0.155926862,0.2553275,0.009266088,0.006933191,0.01173354,0.014330899,0.010901033,0.019301,0.993892717,0.982692981,0.999999757,4.39E-06,5.28E-07,0.055805924,6.90E-07,7.37E-08,0.007214163,7.40E-08,7.71E-09,0.000623534,0,0,0,3.29E-06,5.03E-07,0.043856237,3.36E-08,5.46E-09,0.000466585,0,0,0,0,0,0,0.607056121,0.502776614,0.731879248,0.600744873,0.351474023,0.803775742,0.978740331,0.954064008,0.987078201,0,0,0,0.108043852,0.046274493,0.228675141,0.353712772,0.153752072,0.606657317,0.000503208,0.000156963,0.001093923,0,0,0,0.020904379,0.017595746,0.027331858,4.57E-07,5.28E-08,0.005151822,1.62E-07,2.50E-08,0.002178816,0.848141033,0.767261315,0.916975628,0.107895267,0.048536533,0.179290504
lawis_river_zam23,203.6279255,839.4157581,124.1231974,775.2604857,NaN,NaN,NaN,NaN,NaN,NaN,NaN,NaN,NaN,NaN,NaN,NaN,NaN,NaN,NaN,NaN,NaN,NaN,NaN,NaN,NaN,NaN,NaN,NaN,NaN,NaN,NaN,NaN,NaN,NaN,NaN,NaN,NaN,NaN,NaN,NaN,NaN,NaN,NaN,NaN,NaN,NaN,NaN,NaN,NaN,NaN,NaN,NaN,NaN,NaN,NaN,NaN,NaN,NaN,NaN,NaN,NaN,NaN,NaN,NaN,NaN,NaN,NaN,NaN,NaN,NaN,NaN,NaN,NaN,NaN,NaN,NaN,NaN,NaN,NaN
masinloc_river_zam23,185.2886871,643.2009875,131.4580737,745.3642851,NaN,NaN,NaN,NaN,NaN,NaN,NaN,NaN,NaN,NaN,NaN,NaN,NaN,NaN,NaN,NaN,NaN,NaN,NaN,NaN,NaN,NaN,NaN,NaN,NaN,NaN,NaN,NaN,NaN,NaN,NaN,NaN,NaN,NaN,NaN,NaN,NaN,NaN,NaN,NaN,NaN,NaN,NaN,NaN,NaN,NaN,NaN,NaN,NaN,NaN,NaN,NaN,NaN,NaN,NaN,NaN,NaN,NaN,NaN,NaN,NaN,NaN,NaN,NaN,NaN,NaN,NaN,NaN,NaN,NaN,NaN,NaN,NaN,NaN,NaN
salasa_river_zam23,182.9183093,501.2548858,158.7680256,85.00832088,0.284323007,0.22417358,0.373531656,0.031043091,0.02335867,0.039096869,0.344885552,0.269674933,0.476446172,0.999999961,0.999999925,0.999999989,0.069171237,3.29E-06,0.184593886,0.019831314,1.25E-06,0.053879441,0.013876321,1.02E-06,0.049753836,0,0,0,0.05378066,2.14E-06,0.175210649,0.001117585,5.19E-08,0.004237336,0,0,0,0,0,0,0.172272346,0.078897759,0.312329969,0.039711998,0.021913854,0.071232595,0.593832108,0.452781561,0.67421714,0,0,0,0.272853034,0.119610336,0.446617203,0.870003275,0.841725881,0.900526314,0.013308161,0.006337693,0.019800583,0,0,0,0.146043923,0.118055692,0.190242741,0.030829357,1.66E-06,0.084374907,0.012361381,4.98E-07,0.040435641,0.173721159,0.133300116,0.227455906,0.582623087,0.543941382,0.624677679
bagsit_river_zam23,126.0791457,611.0676815,119.8148478,14.54827518,0.075211496,0.058469645,0.100733513,0.004277941,0.003120777,0.005832872,0.080166504,0.062437371,0.103435395,0.999999794,0.999476514,0.999999911,0.104605604,2.61E-06,0.237445288,0.018922869,3.79E-07,0.042655304,0.012384286,4.10E-07,0.059406241,0,0,0,0.080014133,2.04E-06,0.208915741,0.001068869,2.49E-08,0.002696166,0,0,0,0,0,0,0.217678063,0.100264793,0.416022292,0.040333502,0.021093649,0.06040631,0.852011234,0.804650218,0.885314082,0,0,0,0.352563538,0.155387045,0.627299874,0.911885759,0.883144378,0.935552618,0.023042085,0.011601461,0.03431861,0,0,0,0.025234583,0.020088741,0.032534923,0.032301442,7.43E-07,0.076177928,0.012527888,3.18E-07,0.032659665,0.182355106,0.156831754,0.217062156,0.70622659,0.673730284,0.745889907
bucao_river_zam23,566.919507,759.4733594,459.8896208,3025.086735,NaN,NaN,NaN,NaN,NaN,NaN,NaN,NaN,NaN,NaN,NaN,NaN,NaN,NaN,NaN,NaN,NaN,NaN,NaN,NaN,NaN,NaN,NaN,NaN,NaN,NaN,NaN,NaN,NaN,NaN,NaN,NaN,NaN,NaN,NaN,NaN,NaN,NaN,NaN,NaN,NaN,NaN,NaN,NaN,NaN,NaN,NaN,NaN,NaN,NaN,NaN,NaN,NaN,NaN,NaN,NaN,NaN,NaN,NaN,NaN,NaN,NaN,NaN,NaN,NaN,NaN,NaN,NaN,NaN,NaN,NaN,NaN,NaN,NaN,NaN
maloma_river_zam23,214.6813713,685.7848179,233.0781556,91.43372916,0.270066838,0.199039335,0.358458275,0.024277486,0.018513181,0.031818626,0.266050028,0.205236788,0.359653691,0.999999949,0.995995108,0.999999981,0.05959486,2.74E-06,0.180871009,0.015369382,7.41E-07,0.051493486,0.00709078,5.29E-07,0.038065586,0,0,0,0.045498054,2.07E-06,0.164047986,0.000909347,4.08E-08,0.003368873,0,0,0,0,0,0,0.182430372,0.08000478,0.363932998,0.051817123,0.031684344,0.076634896,0.680828175,0.587457934,0.748873737,0,0,0,0.279711979,0.125808805,0.486127996,0.873037047,0.838839458,0.901647306,0.01310564,0.006450072,0.019020711,0,0,0,0.121123803,0.096095242,0.159357943,0.024399461,1.14E-06,0.076974057,0.009087959,4.15E-07,0.033211053,0.206206851,0.178178294,0.24826968,0.584740246,0.554424065,0.623017908
bulsa_river_us_zam24,354.2310564,499.7943094,215.7534044,33.88429752,0.065209335,0.048414477,0.083957548,0.012290703,0.009242458,0.017059885,0.103659121,0.079020882,0.137078037,0.999999924,0.999999889,0.999999957,0.245962375,0.170426055,0.283446505,0.14789456,0.089671382,0.201944054,0.094229762,0.025000327,0.1702893,0,0,0,0.265751831,0.122621139,0.379697068,0.011813478,0.005842234,0.017452566,0,0,0,0,0,0,0.222797884,0.090259066,0.432674137,0.097129324,0.049657206,0.151036121,0.778635106,0.703252517,0.844010059,0,0,0,0.142172429,0.061321966,0.247534016,0.720636133,0.660762612,0.779809635,0.007507639,0.003628129,0.012207006,0,0,0,0.048395062,0.038126694,0.063119116,0.183956677,0.120806045,0.211962593,0.094118156,0.04331037,0.13386671,0.275409803,0.218515087,0.377482403,0.388489243,0.346835262,0.433139429
camiling_river_us_zam24,351.6983904,703.5567402,138.4346965,31.38521423,0.057420283,0.044342936,0.07616581,0.008285116,0.006252243,0.010891656,0.146001871,0.111044793,0.201756115,0.999999905,0.999999846,0.99999995,0.237322459,0.181783674,0.288070602,0.104124388,0.06244512,0.146099867,0.139394382,0.055098074,0.238108015,0,0,0,0.23139671,0.120623413,0.377857602,0.007170578,0.003791588,0.011988265,0,0,0,0,0,0,0.140748306,0.053794581,0.298914206,0.036764525,0.020356563,0.060162102,0.672649634,0.556345373,0.75629544,0,0,0,0.249047244,0.121735231,0.391468481,0.833139121,0.78948745,0.872238801,0.02002482,0.009860102,0.031511402,0,0,0,0.039206707,0.031103478,0.052230611,0.153858592,0.11421823,0.191572154,0.072182449,0.037702239,0.118195121,0.140001974,0.103955434,0.198027993,0.563043361,0.511836858,0.622690922
camiling_river_ds_zam24,366.0465834,738.6850529,129.7639819,42.08388571,0.071968679,0.056535415,0.093374862,0.010191089,0.007441129,0.013631002,0.216006062,0.161486148,0.278314261,0.999999922,0.999999882,0.999999964,0.225537005,0.176960927,0.276400087,0.100839919,0.064684156,0.137185719,0.168274117,0.0816487,0.254286512,0,0,0,0.267385465,0.137709037,0.389792649,0.008371604,0.00452356,0.012651323,0,0,0,0,0,0,0.109020055,0.046524001,0.23083632,0.026470123,0.01487616,0.049401959,0.569778232,0.469813414,0.680321936,0,0,0,0.256315023,0.121182786,0.415790742,0.845294288,0.803517271,0.876564626,0.021152617,0.009944303,0.035915156,0,0,0,0.04922476,0.040112902,0.062283809,0.153058775,0.108410584,0.181261852,0.084467083,0.043725214,0.123417194,0.109123417,0.082589033,0.157358639,0.577874928,0.529910801,0.634435388
malabobo_river_zam24,438.9480099,633.4656573,103.0226996,40.71869799,0.061371486,0.048092727,0.080501034,0.012124125,0.008957558,0.016078152,0.254619039,0.189956328,0.334746948,0.999999928,0.999999892,0.999999961,0.219423307,0.170121206,0.26365075,0.134296043,0.090712283,0.192427978,0.236619309,0.143731642,0.2960711,0,0,0,0.444505745,0.337790939,0.545199374,0.020183685,0.014877794,0.02517679,0,0,0,0,0,0,0.068833499,0.027062846,0.138276676,0.02285076,0.012753514,0.041053628,0.460216239,0.377513419,0.570706681,0,0,0,0.163465954,0.065625139,0.268031093,0.799620738,0.738224575,0.848557734,0.025418323,0.014221675,0.03747304,0,0,0,0.052603036,0.042079907,0.068590672,0.178676559,0.139402835,0.216005648,0.177604499,0.134800522,0.216854287,0.080764585,0.057075802,0.11065525,0.492430076,0.443584259,0.543173745
bayaoas_river_zam24,580.7406849,911.3257486,158.5841839,42.65647477,0.047823093,0.038298901,0.06418031,0.008596266,0.006475259,0.011521216,0.171396152,0.129995235,0.227983843,0.999999894,0.999999847,0.999999942,0.244833155,0.20848663,0.27604824,0.139794813,0.098482588,0.188901351,0.246052383,0.149354702,0.303681042,0,0,0,0.385138722,0.279206116,0.498755041,0.015780861,0.011102313,0.019700219,0,0,0,0,0,0,0.086329262,0.034692459,0.1814735,0.02943293,0.017024371,0.046899291,0.535674687,0.465842987,0.658490069,0,0,0,0.172992226,0.077870421,0.307135643,0.798190441,0.740307672,0.844644613,0.021834945,0.011182182,0.033946476,0,0,0,0.038163735,0.03060728,0.051092347,0.188097178,0.156091091,0.219519376,0.144283663,0.104006485,0.186653648,0.100895044,0.076602089,0.139885814,0.508710162,0.457076958,0.555792989
mapita_river_zam24,764.9618783,896.6391068,214.9090846,45.2768454,0.039141305,0.029963883,0.050628805,0.009215812,0.007072895,0.012741555,0.134546724,0.098793659,0.181463582,0.999999886,0.999999837,0.999999934,0.246936655,0.216265416,0.271502787,0.184573613,0.139903417,0.238046668,0.232657145,0.134956204,0.306745943,0,0,0,0.443076295,0.326480573,0.546141855,0.023837203,0.017616868,0.031194335,0,0,0,0,0,0,0.095190415,0.036482766,0.221664759,0.04751425,0.024782482,0.075070823,0.601431924,0.524532278,0.714121232,0,0,0,0.13292844,0.066651202,0.205424338,0.723199974,0.657759762,0.778754702,0.014421919,0.006984494,0.021028544,0,0,0,0.034629791,0.028737314,0.046088964,0.217855013,0.192705174,0.242978325,0.19315692,0.141418462,0.238295373,0.134867392,0.100903015,0.194938642,0.402594652,0.35032092,0.446502193
dumoloc_river_zam24,711.8157832,1003.114462,222.7667559,66.09313739,0.061193612,0.048258061,0.083698353,0.012327182,0.009110095,0.016366428,0.189319828,0.146201592,0.267886483,0.999999928,0.999999899,0.999999961,0.245382094,0.210373756,0.272748318,0.157179526,0.113607756,0.212451291,0.217832929,0.128738964,0.280833926,0,0,0,0.387769223,0.266218009,0.500626657,0.017781742,0.012360172,0.023257896,0,0,0,0,0,0,0.103858129,0.038235099,0.2012939,0.033705373,0.019685188,0.058680364,0.540497272,0.460576979,0.657774769,0,0,0,0.148314441,0.063038761,0.256889481,0.771968103,0.709064329,0.81701101,0.017603766,0.009230558,0.025706355,0,0,0,0.051626175,0.040390931,0.069420364,0.19839035,0.171474969,0.23049881,0.152659875,0.104974704,0.196089535,0.118944183,0.093020702,0.163781952,0.45234705,0.405856742,0.504546283
pmb4_zam24,742.551655,2440.944575,82.11714029,59.10078132,0.051885114,0.040521832,0.066006483,0.004413436,0.00326755,0.005783949,0.45866259,0.347629159,0.604048267,0.999999826,0.999999679,0.999999927,0.062039199,0.015861629,0.114839054,0.015597306,0.004053206,0.03497863,0.142535041,0.037142596,0.213397489,0,0,0,0.339978691,0.116505659,0.574526544,0.006465342,0.002149886,0.011243917,0,0,0,0,0,0,0.009892539,0.00298252,0.023838097,0.001950643,0.000775659,0.003805609,0.214324874,0.124653031,0.309775019,0,0,0,0.459876527,0.231125658,0.748441992,0.960983191,0.939525026,0.972970084,0.146202813,0.078179098,0.215653127,0,0,0,0.026416225,0.021749293,0.035119559,0.031020138,0.008537169,0.059157709,0.082761574,0.028222958,0.139126425,0.009586124,0.005910484,0.016370707,0.822055745,0.758436794,0.893707084
pmb34_zam24,660.0642772,2255.806806,70.55992971,67.71500296,0.063564336,0.048822712,0.08432504,0.005492961,0.003922419,0.007013472,0.589162537,0.463739051,0.758269055,0.999999788,0.997800462,0.999999917,0.029112814,3.22E-06,0.076343712,0.006886721,8.49E-07,0.021410192,0.064109056,3.62E-06,0.175616106,0,0,0,0.325781747,0.062216174,0.59652705,0.006040455,0.001157645,0.010874594,0,0,0,0,0,0,0.005846434,0.000918855,0.017356545,0.001050745,0.000220726,0.002589306,0.14673479,0.033815143,0.240904375,0,0,0,0.538216807,0.231923268,0.822969373,0.965676192,0.939319907,0.976985378,0.146657903,0.069459039,0.223177052,0,0,0,0.031517026,0.026328459,0.039808912,0.014984926,1.44E-06,0.037377296,0.076342065,0.014698038,0.1407239,0.006380313,0.001551171,0.011018661,0.852402706,0.77676907,0.904266762
pmb3_zam24,615.6103146,2219.376718,62.08227595,75.87228161,0.074772536,0.056505077,0.093759775,0.005605937,0.004130248,0.007227022,0.708588021,0.55190195,0.849468921,0.999999715,0.972261029,0.999999901,0.007129174,7.28E-07,0.04423583,0.001412373,1.54E-07,0.010613957,0.016738966,2.16E-06,0.110815156,0,0,0,0.366085861,0.091994051,0.617330948,0.006536576,0.001674346,0.010632614,0,0,0,0,0,0,0.001500085,2.80E-07,0.008524303,0.00033908,3.97E-08,0.001191137,0.045377834,2.40E-06,0.146678231,0,0,0,0.488243277,0.273269512,0.816258964,0.969848157,0.954383307,0.978904666,0.168642951,0.094821033,0.254280982,0,0,0,0.033720997,0.029624414,0.040496717,0.003392378,3.33E-07,0.020011417,0.082975924,0.020799705,0.140105141,0.002246482,1.50E-07,0.006040188,0.851762884,0.797567172,0.902654962
pmb2_zam24,939.366916,2255.919501,91.35400107,39.409923,0.028381447,0.021559964,0.036264323,0.003299497,0.002399094,0.00438544,0.288101635,0.218565916,0.385797083,0.99999977,0.999999661,0.999999869,0.102920118,0.070441109,0.164112754,0.037577332,0.023178164,0.069689562,0.275829791,0.204772552,0.330277816,0,0,0,0.462348112,0.226465616,0.659886571,0.012220545,0.006084752,0.017160546,0,0,0,0,0,0,0.016433381,0.006705555,0.0349146,0.003639861,0.002034116,0.006293727,0.296098212,0.240135983,0.363496047,0,0,0,0.343532895,0.151525075,0.563206724,0.940699646,0.91278636,0.955672002,0.116827212,0.054611637,0.173902821,0,0,0,0.018068125,0.014738154,0.023893856,0.063119658,0.04377472,0.102654895,0.140476209,0.069345028,0.19948196,0.0162221,0.011871762,0.023105632,0.729599737,0.678326567,0.811550168
pmb1_zam24,862.8209539,2095.94404,105.5001196,87.57509943,0.064262683,0.048426715,0.089678814,0.007418351,0.006016643,0.009965113,0.540545234,0.420813256,0.684022134,0.999999888,0.999999816,0.999999957,0.070238276,0.04203329,0.119935516,0.026936605,0.012769581,0.043552752,0.160003861,0.079314119,0.221976927,0,0,0,0.453058238,0.268398515,0.64655162,0.012136164,0.006978355,0.016967651,0,0,0,0,0,0,0.011447583,0.002923657,0.029102943,0.002570133,0.000976039,0.005086202,0.196632619,0.10814674,0.273540531,0,0,0,0.337465298,0.16388542,0.539370165,0.949282108,0.926968962,0.960463556,0.100570382,0.040956559,0.139927602,0,0,0,0.041504868,0.033817908,0.053834699,0.045901641,0.025771848,0.076274345,0.135456734,0.080358643,0.19357652,0.01324558,0.006570269,0.021421657,0.738694064,0.686388254,0.802239676
sc6_zam24,57.33473369,1611.003282,94.24682019,83.56415536,0.64441965,0.546079685,0.756797426,0.007931172,0.00617044,0.010432584,0.648007595,0.522802757,0.795882058,0.992236397,0.95306141,1.000000015,2.42E-06,3.32E-07,6.99E-05,9.19E-08,1.07E-08,1.83E-06,4.37E-07,3.17E-08,6.93E-06,0,0,0,2.38E-06,3.87E-07,0.027755002,5.95E-09,7.53E-10,6.48E-05,0,0,0,0,0,0,0.067052701,0.025043658,0.178381939,0.002613855,0.000848279,0.00528609,0.239672017,0.068754744,0.380380397,0,0,0,0.223380124,0.152642563,0.326464661,0.980407211,0.963979438,0.986342309,0.079073598,0.036129087,0.113274284,0,0,0,0.061480202,0.052189554,0.075243576,1.89E-07,2.56E-08,4.45E-06,8.19E-08,1.33E-08,0.000964761,0.020601395,0.006934253,0.029704479,0.905087154,0.893693038,0.912706744
sc7_zam24,47.52473512,1713.476121,46.80960826,50.5204073,0.493388855,0.41664456,0.63608173,0.004514219,0.003411987,0.005957735,0.693403661,0.580152702,0.812115793,0.988347659,0.953491807,0.999999907,4.91E-06,6.38E-07,0.021394208,1.24E-07,1.70E-08,0.000475273,1.20E-06,1.22E-07,0.004058058,0,0,0,1.38E-05,1.06E-06,0.108287183,2.45E-08,2.09E-09,0.000192663,0,0,0,0,0,0,0.025901181,3.75E-06,0.079562719,0.000540923,4.67E-08,0.001317967,0.08771778,5.04E-06,0.212079408,0,0,0,0.336712113,0.19201183,0.480615523,0.986426848,0.966442188,0.991767807,0.172956081,0.084794502,0.251644052,0,0,0,0.035399003,0.031294278,0.040191988,2.94E-07,3.86E-08,0.001145278,3.88E-07,2.99E-08,0.003020456,0.004042787,3.71E-07,0.00920678,0.943803182,0.929025537,0.952360407
sc4_zam24,151.7307387,1664.997386,91.17307962,81.25123403,0.322444616,0.259362174,0.419582214,0.008299433,0.006213721,0.011319286,0.589953149,0.428794773,0.775386481,0.999999875,0.98712901,0.99999997,0.011391705,2.25E-06,0.13637382,0.000763616,1.60E-07,0.010748222,0.002743269,4.96E-07,0.043175664,0,0,0,0.041124181,2.14E-06,0.178840562,0.000234213,1.24E-08,0.001042663,0,0,0,0,0,0,0.060890433,0.016900123,0.148024228,0.00345657,0.001150907,0.006950993,0.275668216,0.096439731,0.440711496,0,0,0,0.381477184,0.20983916,0.58705286,0.969302716,0.944747601,0.978607107,0.079145701,0.038846143,0.115680524,0,0,0,0.060786005,0.049156809,0.077782727,0.001868439,3.62E-07,0.023370355,0.003483471,1.81E-07,0.015178279,0.02469163,0.009828142,0.038938346,0.870563899,0.85645365,0.887397944
sc1_zam24,766.6125291,3831.250562,19847.71748,10814.23011,NaN,NaN,NaN,NaN,NaN,NaN,NaN,NaN,NaN,NaN,NaN,NaN,NaN,NaN,NaN,NaN,NaN,NaN,NaN,NaN,NaN,NaN,NaN,NaN,NaN,NaN,NaN,NaN,NaN,NaN,NaN,NaN,NaN,NaN,NaN,NaN,NaN,NaN,NaN,NaN,NaN,NaN,NaN,NaN,NaN,NaN,NaN,NaN,NaN,NaN,NaN,NaN,NaN,NaN,NaN,NaN,NaN,NaN,NaN,NaN,NaN,NaN,NaN,NaN,NaN,NaN,NaN,NaN,NaN,NaN,NaN,NaN,NaN,NaN,NaN
lawis_river_zam24,184.1973182,946.5243287,55.876975,69.16198911,0.216316426,0.165405318,0.292091316,0.01199449,0.009206637,0.015829937,0.73634494,0.589449939,0.887787152,0.999999894,0.987907043,0.999999978,0.025658168,1.56E-06,0.113987296,0.00390637,2.66E-07,0.020011762,0.016500763,6.73E-07,0.079849928,0,0,0,0.166983315,4.27E-06,0.375175009,0.002056516,4.76E-08,0.004723817,0,0,0,0,0,0,0.016276432,0.000467986,0.052099366,0.001847551,8.29E-05,0.00440266,0.124656217,0.004638163,0.241144099,0,0,0,0.461385191,0.213063259,0.678851413,0.960759009,0.934305611,0.973507305,0.077499076,0.037675896,0.117680232,0,0,0,0.076050183,0.065848382,0.092742178,0.008716993,5.98E-07,0.039175315,0.027688953,6.97E-07,0.061463027,0.010862313,0.000472547,0.023424403,0.833051465,0.801514662,0.865240933
masinloc_river_zam24,200.9636465,787.4268484,67.60193441,43.87781006,0.140084584,0.104484388,0.179048138,0.010008848,0.00734171,0.013303378,0.428388397,0.325450101,0.560482767,0.999999925,0.99999987,0.999999975,0.128704964,0.000881113,0.209836927,0.025773983,0.000135906,0.048326654,0.068576778,0.000411055,0.170930129,0,0,0,0.145435751,0.002215255,0.324185843,0.002360391,3.62E-05,0.005416334,0,0,0,0,0,0,0.054988573,0.017163137,0.116054145,0.008758726,0.004148966,0.015290696,0.38402561,0.267758774,0.524366856,0,0,0,0.447388627,0.220332802,0.720268112,0.931276996,0.906841273,0.954609211,0.054004687,0.0239311,0.080932041,0,0,0,0.061965369,0.049271236,0.078780409,0.0526103,0.000300127,0.084874021,0.029703666,0.000447966,0.06558056,0.044528648,0.028178507,0.065657629,0.782540244,0.732953973,0.829739478
salasa_river_zam24,177.5101672,583.6426974,92.34927239,88.77104899,0.306541828,0.239170844,0.403713353,0.026801858,0.020491431,0.035661653,0.628728646,0.512100593,0.816620215,0.999999951,0.989580399,0.999999984,0.029496185,2.83E-06,0.147901539,0.007393003,7.05E-07,0.034684005,0.01136794,1.18E-06,0.064538148,0,0,0,0.074740036,2.17E-06,0.23015425,0.00158978,4.62E-08,0.004395735,0,0,0,0,0,0,0.049564893,0.010002824,0.128233092,0.009443649,0.00305527,0.020345751,0.269429513,0.093473,0.421218848,0,0,0,0.369618528,0.17262662,0.578875373,0.919188642,0.888813045,0.94278984,0.029721882,0.014276791,0.042752031,0,0,0,0.153564842,0.124415063,0.189446969,0.013202743,1.26E-06,0.066610621,0.016690577,4.82E-07,0.051375665,0.051600146,0.022207202,0.083281006,0.707976836,0.667863314,0.750360412
bagsit_river_zam24,119.5569791,731.3815721,41.68662019,25.01903929,0.138164509,0.107376857,0.187466396,0.006294264,0.004581431,0.008315045,0.396624844,0.298216006,0.542219099,0.999999892,0.999999807,0.999999969,0.11294236,1.28E-05,0.194878744,0.013941747,1.43E-06,0.032036498,0.062699134,6.68E-06,0.14476044,0,0,0,0.122787165,2.35E-06,0.299274729,0.001250975,2.70E-08,0.003073026,0,0,0,0,0,0,0.059831327,0.022308939,0.127773575,0.005688912,0.002983504,0.010309871,0.401915292,0.260650832,0.538294374,0,0,0,0.469760355,0.242438934,0.724546235,0.954990168,0.931414786,0.971324008,0.077794439,0.040144602,0.122787792,0,0,0,0.042103078,0.033859788,0.056412276,0.033737215,3.34E-06,0.059364003,0.017605595,3.35E-07,0.042478629,0.034153609,0.022594271,0.046769898,0.842892749,0.813416336,0.875110006
bancal_river_zam24,181.3143087,1360.324115,3452.214016,1436.986997,NaN,NaN,NaN,NaN,NaN,NaN,NaN,NaN,NaN,NaN,NaN,NaN,NaN,NaN,NaN,NaN,NaN,NaN,NaN,NaN,NaN,NaN,NaN,NaN,NaN,NaN,NaN,NaN,NaN,NaN,NaN,NaN,NaN,NaN,NaN,NaN,NaN,NaN,NaN,NaN,NaN,NaN,NaN,NaN,NaN,NaN,NaN,NaN,NaN,NaN,NaN,NaN,NaN,NaN,NaN,NaN,NaN,NaN,NaN,NaN,NaN,NaN,NaN,NaN,NaN,NaN,NaN,NaN,NaN,NaN,NaN,NaN,NaN,NaN,NaN
bucao_river_zam24,583.4092345,1021.296825,447.2868396,160.3333991,0.177500832,0.138410076,0.236935212,0.02956144,0.021839012,0.040425416,0.246784843,0.189267534,0.331248378,0.999999971,0.999999949,0.999999991,0.180286707,0.061423488,0.247105305,0.082639994,0.031449713,0.126692979,0.04723529,0.010923785,0.099779639,0,0,0,0.156502982,0.031854739,0.279969725,0.005586135,0.001075306,0.010109558,0,0,0,0,0,0,0.225141088,0.095001236,0.411773313,0.078099234,0.043988439,0.115856252,0.672330702,0.573781775,0.745670198,0,0,0,0.179925022,0.09185901,0.304920115,0.7879131,0.741633178,0.832505738,0.00911661,0.004487204,0.013604022,0,0,0,0.122953834,0.092679705,0.161881856,0.111298738,0.039345492,0.156673333,0.047097093,0.009677642,0.084846802,0.252388379,0.197841664,0.31968648,0.449407415,0.406303698,0.494783474
dapya_river_zam24,142.880667,1051.261881,84.40938985,44.83118495,0.207218929,0.155985492,0.267114521,0.008047289,0.006030538,0.010866444,0.361613128,0.276490025,0.485156307,0.999999921,0.999999822,0.999999988,0.07177187,2.56E-06,0.205141925,0.009083223,2.54E-07,0.023972484,0.019891989,7.62E-07,0.086545669,0,0,0,0.054435158,2.00E-06,0.20589739,0.000459148,1.60E-08,0.001721366,0,0,0,0,0,0,0.10878339,0.048163128,0.234468443,0.009462518,0.005014866,0.016170371,0.503454446,0.377022928,0.611781715,0,0,0,0.39791308,0.180481974,0.636728528,0.951905673,0.928284242,0.965615158,0.053330079,0.026343717,0.080279896,0,0,0,0.05272365,0.043122053,0.070493743,0.018771892,5.72E-07,0.048467035,0.006462474,2.40E-07,0.02439344,0.056546318,0.038961603,0.07507519,0.820884683,0.801562725,0.846420497
maloma_river_zam24,235.7569448,863.3704752,286.6608934,138.5242434,0.33717169,0.26697999,0.438595855,0.028428811,0.020587763,0.036080197,0.316618754,0.247560153,0.428134613,0.999999952,0.988951424,0.999999987,0.000450575,5.67E-07,0.12072737,8.54E-05,1.14E-07,0.029455452,0.000172623,6.86E-08,0.020153715,0,0,0,7.43E-06,4.29E-07,0.106338309,1.25E-07,8.07E-09,0.001906826,0,0,0,0,0,0,0.206679722,0.086036987,0.346961694,0.044637526,0.025628323,0.070787938,0.637792395,0.506710444,0.715894031,0,0,0,0.270461404,0.121779834,0.463855477,0.885238508,0.852623141,0.912008847,0.012595972,0.006268208,0.019405716,0,0,0,0.137346776,0.115450399,0.179825184,0.000165869,1.98E-07,0.046551079,1.34E-06,7.72E-08,0.019400915,0.197561977,0.16088168,0.235110459,0.603166208,0.573649732,0.630276697
