Sample_ID,Sampling date,Season,Site (Follow catchment column for actual catchment; site name is confusing),Sample_type,Lat,Lon,Group,Catchment,Inversion,Conductivity (uS),Temperature (degrees C),TDS_ppm,pH,Ca_ppm,Sr_ppb,K_ppm,Na_ppm,Si_ppm,Mg_ppm,Li_ppb,Re_ppb,Cr_ppb,Al_ppb,Ca_uM,Sr_nM,K_uM,Na_uM,Si_uM,Mg_uM,Li_nM,Re_nM,Cr_nM,Al_nM,Sr_ratio,Sr_ratio_unc,Ca_meq,Sr_meq,K_meq,Na_meq,Si_meq,Mg_meq,F_ppm,Cl_ppm,NO2_ppm,Br_ppm,NO3_ppm,SO4_ppm,PO4_ppm,F_uM,Cl_uM,NO2_uM,Br_uM,NO3_uM,SO4_uM,PO4_uM,F_meq,Cl_meq,NO2_meq,Br_meq,NO3_meq,SO4_meq,PO4_meq
PH-07-04,1/13/2007,dry,"Lawis River, ds",water,15.569,120.099,West,lawis_river,Y,,23.2,146,8.31,3.767332,,0.0781966,1.425365678,12.18889,18.690545,,,,,94,,2,62,434,769,,,,,,,0.188,,0.002,0.062,1.736,1.538,,1.06359,,,,2.20938,,,30,,,3,23,,,,,,,,
PH-07-05,1/13/2007,dry,Masinloc River,water,15.538,119.977,West,masinloc_river,Y,,29.9,236,7.65,11.101606,79.82182,0.2345898,2.620833666,17.24419,24.280695,,,,,277,911,6,114,614,999,,,,,0.70802,,0.554,,0.006,0.114,2.456,1.998,,1.382667,,,,4.22664,,,39,,,2,44,,,0.039,,,0.002,0.088,
PH-07-33,1/29/2007,dry,"Lawis River, ds",water,15.569,120.099,West,lawis_river,Y,,23.2,154,8.69,2.524914,12.00394,0.0781966,1.264437295,10.95315,20.246065,,,,,63,137,2,55,390,833,,,,,0.70383,,0.126,,0.002,0.055,1.56,1.666,,1.382667,,,,2.97786,,,39,,,4,31,,,,,,,,
PH-07-34,2/1/2007,dry,"Bulsa River, ds",water,15.452,120.37,East,bulsa_river_ds,Y,,27.5,237,8.6,20.039,52.572,0.390983,8.230337302,17.74972,14.87466,,,,,500,600,10,358,632,612,,,,,0.70433,,1,,0.01,0.358,2.528,1.224,,1.453573,,,,11.33508,,3,41,,,,118,,0.003,0.041,,,,0.236,
PH-07-35,2/2/2007,dry,"Camiling River, us",water,15.559,120.37,East,camiling_river_us,Y,,23,249,8.2,18.43588,37.06326,0.1954915,4.896820797,16.935255,20.46481,,,,,460,423,5,213,603,842,,,,,0.70394,,0.92,,0.005,0.213,2.412,1.684,,1.169949,,,,4.89906,,,33,,,,51,,,0.033,,,,0.102,
PH-07-36,2/2/2007,dry,Cabarabuan River (downstream of Malabobo Impounding Dam),water,15.708,120.329,East,malabobo_river,Y,,24.6,253,8.3,21.882588,40.91854,0.2736881,4.666923107,15.50292,19.24956,,,,,546,467,7,203,552,792,,,,,0.70381,,1.092,,0.007,0.203,2.208,1.584,,1.41812,,,,5.47542,,4,40,,,,57,,0.004,0.04,,,,0.114,
PH-07-37,2/2/2007,dry,Dumoloc River,water,15.916,120.199,East,dumoloc_river,Y,,29.9,332,7.8,27.974444,41.09378,0.1954915,6.758992086,24.855225,24.305,,,,,698,469,5,294,885,1000,,,,,0.70433,,1.396,,0.005,0.294,3.54,2,,1.77265,,,,7.01238,,,50,,,10,73,,,0.05,,,0.01,0.146,
PH-07-39,3/5/2007,dry,Mababo River,water,15.704,120.3,East,malabobo_river,Y,,,267,8.4,23.605942,40.65568,0.1563932,4.735892414,16.991425,20.343285,,,,,589,464,4,206,605,837,,,,,0.70383,,1.178,,0.004,0.206,2.42,1.674,,1.028137,,,,4.13058,,,29,,,2,43,,,0.029,,,0.002,0.086,
PH-07-40,3/5/2007,dry,Mababo River,water,15.704,120.3,East,malabobo_river,Y,,,267,8.56,23.285318,40.48044,0.1172949,4.391045879,17.24419,20.46481,,,,,581,462,3,191,614,842,,,,,0.70377,,1.162,,0.003,0.191,2.456,1.684,,0.815419,,,,4.13058,,,23,,,,43,,,0.023,,,,0.086,
PH-08-03,1/24/2008,dry,Bancal River,water,15.31,119.999,West,bancal_river,N,,30.6,7390,7.87,98.471646,1734.17504,128.0860308,2257.572326,15.587175,341.77691,,,,,2457,19792,3276,98199,555,14062,,,,,0.70904,,4.914,,3.276,98.199,2.22,28.124,,4848.268656,,,,684.52356,,11,136752,,215,,7126,,0.011,136.752,,0.215,,14.252,
PH-08-04,1/24/2008,dry,Alasa River,water,15.456,119.955,West,salasa_river,Y,,28.7,198,7.68,8.897316,,1.4075388,20.94367956,13.059525,19.54122,,,,,222,,36,911,465,804,,,,,,,0.444,,0.036,0.911,1.86,1.608,,82.180054,,,,15.17748,,,2318,,4,5,158,,,2.318,,0.004,0.005,0.316,
PH-08-05,1/25/2008,dry,"Lawis River, us",water,15.56,120.1,West,lawis_river,Y,,23.3,150,8.1,4.0078,,0,1.402375909,11.655275,17.20794,,,,,100,,0,61,415,708,,,,,,,0.2,,0,0.061,1.66,1.416,,1.276308,,,,2.68968,,0,36,,,3,28,,,,,,,,
PH-08-06,1/25/2008,dry,Lawis Tributary I,water,15.562,120.1,West,lawis_river,Y,,23.6,163,8.13,1.763432,5.34482,0,1.172478219,11.823785,20.65925,,,,,44,61,0,51,421,850,,,,,0.70488,,0.088,,0,0.051,1.684,1.7,,1.453573,,,,3.16998,,,41,,,2,33,,,0.041,,,0.002,0.066,
PH-08-07,1/25/2008,dry,Lawis Tributary II,water,15.571,120.045,West,lawis_river,Y,,24.9,255,8.03,2.124134,6.30864,0,1.264437295,20.473965,31.377755,,,,,53,72,0,55,729,1291,,,,,0.70527,,0.106,,0,0.055,2.916,2.582,,1.347214,,,,3.07392,,0,38,,,,32,,0,0.038,,,,0.064,
PH-08-08,1/25/2008,dry,Masinloc River,water,15.538,119.977,West,masinloc_river,N,,32.1,1234,7.76,25.970544,314.20532,18.8453806,318.9600551,17.553125,70.119925,,,,,648,3586,482,13874,625,2885,,,,,0.7089,,1.296,,0.482,13.874,2.5,5.77,,715.618805,,,,104.89752,,4,20185,,29,,1092,,0.004,20.185,,0.029,,2.184,
PH-08-61,2/9/2008,dry,"Camiling River, ds",water,15.616,120.375,East,camiling_river_ds,Y,,27.7,279,8.61,19.558064,,0.2736881,5.103728718,17.18802,22.676565,,,,,488,,7,222,612,933,,,,,,,0.976,,0.007,0.222,2.448,1.866,,3.226223,,,,7.78086,,3,91,,,0,81,,0.003,0.091,,,0,0.162,
PH-08-62,2/9/2008,dry,"Bulsa River, us",water,15.465,120.45,East,bulsa_river_us,Y,,29.7,262,8.4,19.477908,,0.5082779,7.080848852,19.99652,16.91628,,,,,486,,13,308,712,696,,,,,,,0.972,,0.013,0.308,2.848,1.392,,2.517163,,,,12.29568,,12,71,,,27,128,,0.012,0.071,,,0.027,0.256,
ZAM-22-01,12/17/2022,dry,"Bulsa River, ds",water,15.465,120.45,East,bulsa_river_ds,Y,246.4,25.4,142.5,8.375,19.286,,0.9825,7.512,14.7905,14.098,,,,,481.2116373,,25.1289698,326.7540444,526.6334342,580.0452582,,,,,0.704422768,1.87E-05,0.962423275,0,0.02512897,0.326754044,2.106533737,1.160090516,0.05,2.03,,,0.255,7.82,,2.631800135,57.25890616,,,4.112578199,81.40745367,,0.0026318,0.057258906,,,0.004112578,0.162814907,
ZAM-22-02,12/17/2022,dry,"Bulsa River, us",water,15.451796,120.370883,East,bulsa_river_us,Y,234.9,26.3,135.2,8.043333333,18.296,43.634,0.803,6.843,15.781,13.892,0.17,0,1.389,29.839,456.5098059,497.9930978,20.53797735,297.6541435,561.9013708,571.5696359,24.44063221,0,26.71531523,1105.922384,0.704344723,1.47E-05,0.913019612,0.000995986,0.020537977,0.297654143,2.247605483,1.143139272,0.065,1.28,,,1.005,7.625,,3.421340175,36.10413787,,,16.20839643,79.37747241,,0.00342134,0.036104138,,,0.016208396,0.158754945,
ZAM-22-03,12/17/2022,dry,"Camiling River, us",water,15.5591197,120.3704904,East,camiling_river_us,Y,268.1,27.4,154.5,7.9,17.4155,36.909,0.8775,4.935,13.2205,20.309,0.337,0,1.752,9.228,434.5401467,421.2421386,22.44343104,214.6607041,470.7317073,835.5893849,48.58306556,0,33.6930793,342.0286511,,,0.869080293,0.000842484,0.022443431,0.214660704,1.882926829,1.67117877,0.04,1.895,,,1.245,5.285,,2.105440108,53.45104787,,,20.07905827,55.01769727,,0.00210544,0.053451048,,,0.020079058,0.110035395,
ZAM-22-04,12/17/2022,dry,"Camiling River, ds",water,15.6151159,120.3758981,East,camiling_river_ds,Y,305.9,28.8,176.6,7.83,20.4785,65.56,0.811,5.9375,12.735,21.7315,0.445,0,1.558,62.264,510.9661161,748.2349906,20.74258983,258.2670578,453.4448994,894.1164369,64.06244735,0,29.97530298,2307.635605,0.704019175,1.55E-05,1.021932232,0.00149647,0.02074259,0.258267058,1.813779598,1.788232874,0.055,3.355,,,0.175,6.395,,2.894980148,94.63233013,,,2.822357588,66.57297522,,0.00289498,0.09463233,,,0.002822358,0.13314595,
ZAM-22-05,12/17/2022,dry,Malabobo River,water,15.7039962,120.3000033,East,malabobo_river,Y,279.2,30.6,160,8.093333333,22.461,123.604,0.7205,5.6825,14.9155,17.966,0.423,0,0.925,18.508,560.4321573,1410.677223,18.42791119,247.1751674,531.0842087,739.1894672,61.00896881,0,17.78872882,685.9571963,0.703923198,1.65E-05,1.120864315,0.002821354,0.018427911,0.247175167,2.124336835,1.478378934,0.05,1.685,,,0.11,3.53,,2.631800135,47.52771275,,,1.774053341,36.74786592,,0.0026318,0.047527713,,,0.001774053,0.073495732,
ZAM-22-06,12/17/2022,dry,Bayaoas River,water,15.8233306,120.2452802,East,bayaoas_river,Y,297.3,32.6,169.7,8.2225,24.1845,34.442,0.7175,4.971,20.9515,19.263,0.224,0,1.69,7.503,603.4358002,393.0860116,18.35118151,216.226618,746.0032046,792.5529726,32.20923438,0,32.49723305,278.0656807,0.704105325,1.67E-05,1.2068716,0.000786172,0.018351182,0.216226618,2.984012818,1.585105945,0.045,2.335,,,0.02,3.41,,2.368620121,65.86184526,,,0.322555153,35.49864668,,0.00236862,0.065861845,,,0.000322555,0.070997293,
ZAM-22-07,12/17/2022,dry,Dumoloc River,water,15.9184251,120.2020252,East,dumoloc_river,Y,345,32.8,198.1,7.9425,30.3135,53.244,0.8365,8.9575,21.6045,19.6645,0.192,0,1.159,1.772,756.3625929,607.6702649,21.3947921,389.6298393,769.2540502,809.0722074,27.72538011,0,22.29001439,65.66571346,0.704422578,1.69E-05,1.512725186,1.21534053,0.021394792,0.389629839,3.077016201,1.618144415,0.05,2.185,,,0.15,5.4,,2.631800135,61.6308916,,,2.419163647,56.21486571,,0.0026318,0.061630892,,,0.002419164,0.112429731,
ZAM-22-08,12/17/2022,dry,Mapita River ,water,15.894583,120.205,East,mapita_river,Y,343.4,32.3,199.5,8.053333333,30.5075,51.703,0.677,6.8435,23.9555,20.429,0.251,0,1.613,12.631,761.2031538,590.0790034,17.31533085,297.6758923,852.9642158,840.5266406,36.1784188,0,31.01613804,468.136372,0.704229512,1.91E-05,1.522406308,0.001180158,0.017315331,0.297675892,3.411856863,1.681053281,0.03,1.265,,,0.045,6.14,,1.579080081,35.68104251,,,0.725749094,63.91838434,,0.00157908,0.035681043,,,0.000725749,0.127836769,
ZAM-22-09,12/18/2022,dry,PMB1,water,15.7532462,119.9367065,PMB,pmb1,Y,509.5,26.7,302.2,8.363333333,32.668,242.804,0.819,3.7885,16.7675,42.928,2.054,0,6.008,11.748,815.1105345,2771.107532,20.94720231,164.7906945,597.0268827,1766.220942,295.9149443,0,115.5605596,435.4233898,0.708656749,1.15E-05,1.630221069,0.005542215,0.020947202,0.164790695,2.388107531,3.532441884,0.06,3.6,,,0.12,8.915,,3.158160161,101.5428878,,,1.935330917,92.80657922,,0.00315816,0.101542888,,,0.001935331,0.185613158,
ZAM-22-10,12/18/2022,dry,PMB2,water,15.754385,119.9496498,PMB,pmb2,Y,576.7,25.9,344.5,8.316666667,42.4345,522.391,0.737,3.2685,20.7165,46.783,8.221,0,13.115,100.835,1058.797844,5962.004547,18.84992442,142.1719374,737.6357486,1924.830282,1184.483126,0,252.2658717,3737.189211,0.708684425,1.03E-05,2.117595688,0.011924009,0.018849924,0.142171937,2.950542994,3.849660564,0.055,2.945,,,0.2,8.905,,2.894980148,83.06772346,,,3.225551529,92.70247762,,0.00289498,0.083067723,,,0.003225552,0.185404955,
ZAM-22-11,12/18/2022,dry,PMB4,water,15.7432731,119.9522123,PMB,pmb4,Y,535.8,26.6,318.3,8.73,40.1545,257.805,1.0545,2.867,13.229,43.3275,1.806,0,8.963,43.189,1001.908778,2942.307921,26.97048209,124.7076471,471.03436,1782.657889,260.1340214,0,172.3920193,1600.691573,0.708722752,1.06E-05,2.003817556,0.005884616,0.026970482,0.124707647,1.88413744,3.565315779,0.065,3.475,,,0.095,6.56,,3.421340175,98.01709305,,,1.532136976,68.29065168,,0.00342134,0.098017093,,,0.001532137,0.136581303,
ZAM-22-12,12/18/2022,dry,Confluence of PMB3 and PMB4,water,15.7439769,119.9520873,PMB,pmb34,Y,528.1,26.4,314.2,8.523333333,39.4795,217.062,0.6105,2.5945,15.737,43.6725,1.857,0,10.9,41.211,985.0666201,2477.30573,15.61448963,112.8545485,560.3346982,1796.852499,267.5034073,0,209.6546134,1527.396193,,,1.97013324,0.004954611,0.01561449,0.112854548,2.241338793,3.593704999,0.03,3.215,,,0.09,5.97,,1.579080081,90.68344005,,,1.451498188,62.14865709,,0.00157908,0.09068344,,,0.001451498,0.124297314,
ZAM-22-13,12/18/2022,dry,PMB3,water,15.7440789,119.952221,PMB,pmb3,Y,527,25.9,313.2,9.263333333,39.4545,179.544,0.623,2.5175,18.6425,43.5005,2.042,0,12.051,108.28,984.4428365,2049.126518,15.93419663,109.5052325,663.7884992,1789.775766,294.1842393,0,231.8001611,4013.115492,0.708657543,1.24E-05,1.968885673,0.004098253,0.015934197,0.109505233,2.655153997,3.579551533,0.075,3.295,,,0.16,6.015,,3.947700202,92.93994866,,,2.580441223,62.6171143,,0.0039477,0.092939949,,,0.002580441,0.125234229,
ZAM-22-14,12/18/2022,dry,Roadside channel,water,15.7443003,119.9445241,PMB,ephemeral,Y,,,,,,,,,,,,,,#N/A,,,,0,,,,,,,,,,,,,,,,,,,,,,,,,,,,,,,,,,,
ZAM-22-15,12/18/2022,dry,SC1,water,15.778614,119.9374437,SC,sc1,N,446.8,29,299.9,8.313333333,33.7095,563.137,20.1465,578.0675,15.363,95.6,13.289,0,20.465,367.401,841.0973601,6427.037634,515.2781579,25144.55452,547.0179811,3933.347048,1914.582765,0,393.6292039,13616.7728,0.708994355,1.26E-05,1.68219472,0.012854075,0.515278158,25.14455452,2.188071925,7.866694096,0.115,1305.075,,,,171.3,,6.053140309,36811.41229,,,,1783.260462,,0.00605314,36.81141229,,,,3.566520924,
ZAM-22-16,12/18/2022,dry,SC7,water,15.7911037,119.9928357,SC,sc7,Y,279.4,30,160.2,8.053333333,2.4425,12.895,0.7245,6.033,13.328,31.197,0.989,0,17.381,33.498,60.94365986,147.1651103,18.53021743,262.4210796,474.5593733,1283.563053,142.554268,0,334.3079168,1241.52374,0.706961973,1.23E-05,0.12188732,0.00029433,0.018530217,0.26242108,1.898237493,2.567126106,0.04,9.355,,,0.295,2.815,,2.105440108,263.8704764,,,4.757688505,29.30460129,,0.00210544,0.263870476,,,0.004757689,0.058609203,
ZAM-22-17,12/18/2022,dry,SC6,water,15.7906256,119.991275,SC,sc6,Y,331.3,32.3,190.3,8.606666667,2.3495,14.404,0.645,2.648,15.3505,40.3905,1.327,0,16.584,2.246,58.62318479,164.3956558,16.49688094,115.1816706,546.5729037,1661.818556,191.177138,0,318.9753591,83.23813145,,,0.11724637,0.000328791,0.016496881,0.115181671,2.186291615,3.323637112,0.055,3.695,,,0.225,2.67,,2.894980148,104.2224917,,,3.62874547,27.79512804,,0.00289498,0.104222492,,,0.003628745,0.055590256,
ZAM-22-18,12/18/2022,dry,Ephemeral stream,water,15.7926494,119.9907979,SC,ephemeral,Y,,,,,,,,,,,,,,#N/A,,,,0,,,,,,,,,,,,,,,,,,,,,,,,,,,,,,,,,,,
ZAM-22-19,12/18/2022,dry,Confluence of SC6 and SC7,water,15.7935989,119.9903666,SC,sc67,Y,319.5,32.1,183.9,8.543333333,2.3455,14.096,0.668,3.626,14.715,38.15,1.085,0,16.955,-37.16,58.52337941,160.8717285,17.08514181,157.7223329,523.9451665,1569.635877,156.3596718,0,326.1199228,0,,,0.117046759,0.000321743,0.017085142,0.157722333,2.095780666,3.139271755,0.02,5.55,,,0.295,2.695,,1.052720054,156.5452853,,,4.757688505,28.05538205,,0.00105272,0.156545285,,,0.004757689,0.056110764,
ZAM-22-20,12/18/2022,dry,SC5,water,15.7937441,119.9799095,SC,sc5,Y,353.6,32.1,203.6,8.53,3.9165,17.337,0.7455,4.0115,16.9835,40.372,1.111,0,15.083,1.035,97.72194221,197.8639832,19.06732518,174.4906615,604.7178209,1661.057396,160.0609829,0,290.1122718,38.34477587,,,0.195443884,0.000395728,0.019067325,0.174490661,2.418871284,3.322114791,0.045,3.95,,,0.48,3.495,,2.368620121,111.415113,,,7.74132367,36.38351031,,0.00236862,0.111415113,,,0.007741324,0.072767021,
ZAM-22-21,12/18/2022,dry,Off road ditch,water,15.7942422,119.9799621,SC,ephemeral,Y,,,,,,,,,,,,,,#N/A,,,,0,,,,,,,,,,,,,,,,,,,,,,,,,,,,,,,,,,,
ZAM-22-22,12/18/2022,dry,SC4,water,15.7873184,119.9614864,SC,sc4,Y,362.8,31.1,209.8,8.443333333,6.674,19.308,0.854,3.9925,16.156,40.055,0.759,0,0,-9.594,166.5252757,220.3607529,21.84238189,173.6642069,575.2536941,1648.014812,109.3170564,0,0,0,,,0.333050551,0.000440722,0.021842382,0.173664207,2.301014777,3.296029624,0.025,3.905,,,0.755,4.425,,1.315900067,110.1458269,,,12.17645702,46.0649594,,0.0013159,0.110145827,,,0.012176457,0.092129919,
ZAM-22-23,12/19/2022,dry,Lawis River,water,15.5842774,119.9509547,West,lawis_river,Y,246.7,25.9,142.4,8.413333333,9.366,14.08,0.6465,2.771,13.7045,24.206,0.376,0,0,13.68,233.6942961,160.6995273,16.53524578,120.5318766,487.9651059,995.926764,54.11821248,0,0,507.0208455,0.704995059,1.52E-05,0.467388592,0.000321399,0.016535246,0.120531877,1.951860424,1.991853528,0.065,1.845,,,0.79,2.875,,3.421340175,52.04072998,,,12.74092854,29.92921091,,0.00342134,0.05204073,,,0.012740929,0.059858422,
ZAM-22-24,12/19/2022,dry,Masinloc River,water,15.5376104,119.9775937,West,masinloc_river,Y,249.6,27.1,143.8,8.14,9.09,90.909,5.495,8.24,11.82,16.635,0.563,0,2.167,5.238,226.8077249,1037.538151,140.543195,358.4203043,420.8652306,684.4270726,81.11014941,0,41.68064997,194.1500728,0.70804864,1.64E-05,0.45361545,0.002075076,0.140543195,0.358420304,1.683460922,1.368854145,0.461538462,3.384615385,,,1.153846154,5.076923077,,24.29353973,95.46767227,,,18.60895113,52.85158315,,0.02429354,0.095467672,,,0.018608951,0.105703166,
ZAM-22-25,12/19/2022,dry,Salasa River,water,15.4562751,119.9547225,West,salasa_river,Y,502,28.4,296.6,7.963333333,10.7495,82.106,1.7925,34.6,11.745,24.879,0.862,0,1.064,0.152,268.2144818,937.0723346,45.84598307,1505.017297,418.1947659,1023.61654,124.2166888,0,20.47427995,5.647712521,0.707934269,1.43E-05,0.536428964,0.001874145,0.045845983,1.505017297,1.672779064,2.04723308,0.02,82.31,,,0.68,12.695,,1.052720054,2321.665303,,,10.9668752,132.1569852,,0.00105272,2.321665303,,,0.010966875,0.26431397,
ZAM-22-26,12/19/2022,dry,Bagsit River,water,15.3856984,119.9611488,West,bagsit_river,Y,244.6,29.3,140.1,7.823333333,6.437,35.054,0.7715,2.896,12.5835,25.1205,0.491,0,3.129,146.055,160.611807,400.0740913,19.73231573,125.9690778,448.0505608,1033.552767,70.67603756,0,60.18553685,5413.157148,0.706859983,1.11E-05,0.321223614,0.000800148,0.019732316,0.125969078,1.792202243,2.067105534,0.01,2.095,,,0.445,3.09,,0.526360027,59.09231941,,,7.176852152,32.16739538,,0.00052636,0.059092319,,,0.007176852,0.064334791,
ZAM-22-27,12/19/2022,dry,Bancal River,water,15.3093338,120.000013,West,bancal_river,Y,8419,30.6,6008,7.363333333,332.54,1259.226,289.67,1314.25,109.82,1040.59,29.864,0,34.279,193.906,8297.320226,14371.44505,7408.762018,57166.7336,3910.272387,42813.82432,4302.558563,0,659.3332409,7186.599888,0.708962363,1.62E-05,16.59464045,0.02874289,7.408762018,57.1667336,15.64108955,85.62764863,,3224.25,,,,413.25,,,90944.34886,,,,4301.998751,,,90.94434886,,,,8.603997502,
ZAM-22-28,12/19/2022,dry,Bucao River,water,15.2645143,120.0366778,West,bucao_river,Y,378.6,31.1,216.8,7.666666667,33.1725,182.359,3.388,23.5435,21.7125,20.6745,4.041,0,1.809,22.196,827.6984879,2081.245672,86.65338391,1024.085975,773.0995193,850.6274429,582.1756651,0,34.80462425,822.6523417,0.704422364,9.48E-06,1.655396976,0.004162491,0.086653384,1.024085975,3.092398077,1.701254886,0.09,16.905,,,0.2,103.095,,4.737240242,476.8284771,,,3.225551529,1073.235478,,0.00473724,0.476828477,,,0.003225552,2.146470956,
ZAM-22-29,12/19/2022,dry,Dapya River,water,15.1536233,120.0543284,West,dapya_river,Y,1221,31,752.4,7.57,13.441,6998.354,5.9335,138.615,18.9315,42.2775,99.132,0,92.048,827.723,335.3710265,79871.64585,151.7585164,6029.421174,674.0786897,1739.456902,14282.08866,0,1770.49937,30677.37574,,,0.670742053,0.159743292,0.151758516,6.029421174,2.696314759,3.478913804,0.03,243.725,,,,43.85,,1.579080081,6874.594534,,,,456.4855299,,0.00157908,6.874594534,,,,0.91297106,
ZAM-22-30,12/19/2022,dry,Maloma River,water,15.116391,120.0623425,West,maloma_river,Y,251.8,32.5,143.8,7.913333333,11.2535,51.883,1.6605,7.009,21.376,20.914,0.476,0,0.143,-14.081,280.7899596,592.1336548,42.46987721,304.8747467,761.1180345,860.4813824,68.59228261,0,2.757958364,0,0.704554582,1.15E-05,0.561579919,0.001184267,0.042469877,0.304874747,3.044472138,1.720962765,0.04,3.26,,,0.135,7.265,,2.105440108,91.95272614,,,2.177247282,75.6298147,,0.00210544,0.091952726,,,0.002177247,0.151259629,
ZAM-23-01,8/22/2023,wet,"Bulsa River, ds",water,15.4649231,120.4498848,East,bulsa_river_ds,Y,177,27.92,88,8.28,18.406,226.297,1.159,9.06,20.138,12.588,1.108,1.451,7.222,-3.64,459.2544538,2582.708915,29.64323257,394.0883443,717.0375645,517.9181238,159.6871763,32.97186115,138.9126548,0,,,0.918508908,0.005165418,0.029643233,0.394088344,2.868150258,1.035836248,0.09133,2.97757,0,17.50029,,0,,4.807246126,83.98640454,0,219.0274093,0,0,,0.004807246,0.083986405,0,0.219027409,0,0,
ZAM-23-02,8/22/2023,wet,"Bulsa River, us",water,15.4524807,120.3689937,East,bulsa_river_us,Y,170,27.54,85,8.53,17.927,39.201,0.909,8.157,21.0285,12.8595,0.191,1.42,2.375,222.536,447.3027596,447.3938055,23.24909267,354.8100027,748.7448816,529.0886649,27.58396362,32.27074756,45.67366634,8247.70638,0.704381011,1.09E-05,0.894605519,0.000894788,0.023249093,0.354810003,2.994979526,1.05817733,0.11633,2.03528,0,13.61688,,0,,6.123146193,57.40783573,0,170.42403,0,0,,0.006123146,0.057407836,0,0.17042403,0,0,
ZAM-23-02,8/22/2023,wet,"Bulsa River, us",rock,15.4524807,120.3689937,East,bulsa_river_us,,,,,,85792.88717,128933,330.7097718,11334.35474,223147.6837,44263.94801,,,,,2140647.916,1.47E+06,8458.418187,493017.3392,7945440.047,1821186.917,,,,0,0.703909,0.000011,,,,,,,,,,,,,,,,,,,,,,,,,,,
ZAM-23-03,8/22/2023,wet,"Camiling River, us",water,15.558818,120.3697478,East,camiling_river_us,Y,166,27.36,83,8.43,15.231,23.236,0.72,5.023,17.755,15.617,0.201,4.862,2.323,55.491,380.0339338,265.1918307,18.41512291,218.4884937,632.1880007,642.5426867,29.00737554,110.4854095,44.68631558,2056.623066,,,0.760067868,0.000530384,0.018415123,0.218488494,2.528752003,1.285085373,0.05033,1.97429,0,6.71081,,0,,2.649170015,55.68752997,0,83.99011264,0,0,,0.00264917,0.05568753,0,0.083990113,0,0,
ZAM-23-04,8/22/2023,wet,"Camiling River, ds",water,15.6152163,120.3758317,East,camiling_river_ds,Y,177,28.38,89,8.49,15.923,28.626,0.745,5.165,17.345,16.182,0.251,5.272,1.946,15.865,397.3002645,326.7085487,19.0545369,224.6651543,617.5894606,665.7889323,36.10526823,119.7877063,37.42464841,588.002914,0.704421321,1.42E-05,0.794600529,0.000653417,0.019054537,0.224665154,2.470357842,1.331577865,0.07133,2.9316,0,9.16442,,0,,3.754526072,82.68975827,0,114.6986233,0,0,,0.003754526,0.082689758,0,0.114698623,0,0,
ZAM-23-05,8/22/2023,wet,Malabobo River,water,15.7025619,120.3188857,East,malabobo_river,Y,156,28.03,78,8.41,16.372,26.563,0.596,4.517,16.893,12.773,0.076,1.314,2.05,17.179,408.5034183,303.1565359,15.24362952,196.4787032,601.4954602,525.5297264,10.92764325,29.84785347,39.43056045,636.7120453,0.703817411,1.25E-05,0.817006837,0.000606313,0.01524363,0.196478703,2.405981841,1.051059453,0.02367,2.05031,0,5.67257,,6.16077,,1.245894184,57.83177728,0,70.99586984,0,64.13460337,,0.001245894,0.057831777,0,0.07099587,0,0.128269207,
ZAM-23-06,8/22/2023,wet,Bayaoas River,water,15.8240122,120.2453308,East,bayaoas_river,Y,208,29.9,104,8.74,22.989,29.646,0.6175,5.241,25.833,17.293,0.137,0.847,2.176,26.48,573.6064674,338.3479705,15.79352555,227.9709727,919.8148478,711.4996914,19.71793497,19.24421602,41.85372163,981.4061421,0.704113811,1.44E-05,1.147212935,0.000676696,0.015793526,0.227970973,3.679259391,1.422999383,0.12667,2.95254,0,6.86388,,2.01503,,6.667402461,83.2803994,0,85.90588235,0,20.97678534,,0.006667402,0.083280399,0,0.085905882,0,0.041953571,
ZAM-23-07,8/22/2023,wet,Mapita River,water,15.8944941,120.2049455,East,mapita_river,Y,261,30.65,130,8.39,30.571,46.786,0.639,7.964,29.794,19.382,0.132,2.623,1.895,30.622,762.7875642,533.959198,16.34342158,346.414964,1060.850988,797.4490846,19.08451544,59.58899813,36.44379751,1134.912024,0.704183311,1.54E-05,1.525575128,0.001067918,0.016343422,0.346414964,4.243403952,1.594898169,0.07567,2.79776,0,18.85688,,1.40278,,3.982966324,78.91461936,0,236.0060075,0,14.60316469,,0.003982966,0.078914619,0,0.236006008,0,0.029206329,
ZAM-23-07,8/22/2023,wet,Mapita River,rock,15.8944941,120.2049455,East,mapita_river,,,,,,37482.74026,218198,1739.304431,19147.42452,395286.5628,2363.585635,,,,,935244.7793,2.49E+06,44485.42343,832867.1992,14074650.62,97246.88891,,,,0,0.704533199,8.42E-06,,,,,,,,,,,,,,,,,,,,,,,,,,,
ZAM-23-08,8/22/2023,wet,Dumoloc River,water,15.9198592,120.2037891,East,dumoloc_river,Y,245,29.66,123,8.34,26.373,34.278,0.804,7.193,27.357,20.733,0.147,2.136,4.997,236.617,658.0418185,391.2134593,20.56355391,312.8783069,974.0786897,853.0343551,21.22661129,48.52495939,96.11818012,8769.576238,0.704408069,1.22E-05,1.316083637,0.000782427,0.020563554,0.312878307,3.896314759,1.70606871,0.043,3.9408,0.05269,15.62348,,0.09124,,2.263348116,111.1556145,1.145310292,195.5379224,0,0.949823027,,0.002263348,0.111155614,0.00114531,0.195537922,0,0.001899646,
ZAM-23-08,8/22/2023,wet,Dumoloc River,rock,15.9198592,120.2037891,East,dumoloc_river,,,,,,62597.9782,145453,917.9275835,17075.03018,281347.2257,35171.03626,,,,,1561903.743,1.66E+06,23477.42954,742722.9991,10017704.32,1447069.996,,,,0,0.703428869,1.25E-05,,,,,,,,,,,,,,,,,,,,,,,,,,,
ZAM-23-09,8/23/2023,wet,PMB1,water,15.752911,119.936233,PMB,pmb1,Y,447,27.38,223,8.15,36.476,224.331,0.786,4.592,21.466,40.448,1.989,12.869,5.976,-56.022,910.1252558,2560.270022,20.10317584,199.7410239,764.3225921,1664.184324,286.6240415,292.4049978,114.9535571,0,0.708670611,1.27E-05,1.820250512,0.00512054,0.020103176,0.199741024,3.057290369,3.328368648,0.13233,6.16088,0,25.97925,,0.03309,,6.965322236,173.7759851,0,325.1470588,0,0.344472205,,0.006965322,0.173775985,0,0.325147059,0,0.000688944,
ZAM-23-10,8/23/2023,wet,PMB2,water,15.7543672,119.9496039,PMB,pmb2,Y,488,27.13,244,8.25,40.286,238.228,1.081,4.089,26.435,43.694,2.653,12.949,4.724,-3.649,1005.18988,2718.876059,27.64826092,177.8617262,941.2497775,1797.737091,382.2251318,294.238475,90.86734533,0,0.708678611,1.17E-05,2.010379759,0.005437752,0.027648261,0.177861726,3.76499911,3.595474182,0.168,5.88911,0,32.51595,,0.34496,,8.842848452,166.1103433,0,406.9580726,0,3.591088903,,0.008842848,0.166110343,0,0.406958073,0,0.007182178,
ZAM-23-10,8/23/2023,wet,PMB2,rock,15.7543672,119.9496039,PMB,pmb2,,,,,,15427.56806,6509,37.79816326,0,205228.4797,187830.2955,,,,,384938.5713,7.43E+04,966.7469751,0,7307405.366,7728051.656,,,,0,0.708269221,2.63E-05,,,,,,,,,,,,,,,,,,,,,,,,,,,
ZAM-23-11,8/23/2023,wet,Confluence of PMB3 and PMB4,water,15.7439769,119.9520873,PMB,pmb34,Y,453,27.5,226,8.36,35.5805,223.592,0.5615,3.878,17.6505,39.1955,1.596,0,10.706,-42.56,887.7813264,2551.83506,14.36123821,168.6837306,628.4671533,1612.651718,229.8724542,0,205.9156174,0,,,1.775562653,0.00510367,0.014361238,0.168683731,2.513868613,3.225303436,0.149,5.96604,0,18.46976,,0,,7.842764401,168.2802584,0,231.1609512,0,0,,0.007842764,0.168280258,0,0.231160951,0,0,
ZAM-23-12,8/23/2023,wet,PMB3,water,15.7440789,119.952221,PMB,pmb3,Y,439,27.08,219,8.45,29.86,47.453,0.588,3.495,26.847,44.713,0.839,0,0,-51.332,745.047158,541.580144,15.03901704,152.024146,955.91953,1839.662621,120.8382893,0,0,0,0.708594011,1.10E-05,1.490094316,0.00108316,0.015039017,0.152024146,3.82367812,3.679325242,0.15767,5.60552,0,15.36724,,0.07902,,8.299118544,158.1113023,0,192.3309136,0,0.822610868,,0.008299119,0.158111302,0,0.192330914,0,0.001645222,
ZAM-23-13,8/23/2023,wet,PMB4,water,15.7437643,119.9519558,PMB,pmb4,Y,454,27.87,227,8.39,43.439,228.266,0.604,4.038,16.576,39.411,1.201,0,6.092,-13.874,1083.86147,2605.17891,15.448242,175.6433481,590.2082962,1621.518206,173.1010318,0,117.1758881,0,0.708701811,9.77E-06,2.16772294,0.005210358,0.015448242,0.175643348,2.360833185,3.243036412,0.153,4.69919,0,14.75051,,0,,8.053308412,132.5470341,0,184.6121402,0,0,,0.008053308,0.132547034,0,0.18461214,0,0,
ZAM-23-13D,8/23/2023,wet,PMB4,rock,15.7437643,119.9519558,PMB,pmb4,,,,,,20279.04271,0,0,0,155007.9961,200584.2485,,,,,505989.3885,,,,5519245.011,8252797.718,,,,,0.707808183,2.71E-05,,,,,,,,,,,,,,,,,,,,,,,,,,,
ZAM-23-13L,8/23/2023,wet,PMB4,rock,15.7437643,119.9519558,PMB,pmb4,,,,,,347409.3689,1037761,0,0,2313.77635,13687.03049,,,,,8668330.977,1.18E+07,,,82384.77302,563136.4118,,,,,0.708751795,1.02E-05,,,,,,,,,,,,,,,,,,,,,,,,,,,
ZAM-23-14,8/23/2023,wet,Confluence of SC6 and SC7,water,15.7938399,119.9900814,SC,sc67,Y,281,33.51,140,8.53,2.043,11.604,0.597,3.1165,21.1405,36.0945,0.859,0,24.369,-65.067,50.97559758,132.4402749,15.26920608,135.5603008,752.7327755,1485.064801,123.6983142,0,468.7245769,-2411.550291,,,0.101951195,0.000264881,0.015269206,0.135560301,3.010931102,2.970129603,0.019,2.09173,0,3.48184,,0.18236,,1.000084051,59.00008462,0,43.57747184,0,1.898396835,,0.001000084,0.059000085,0,0.043577472,0,0.003796794,
ZAM-23-15,8/23/2023,wet,SC6,water,15.7929388,119.9907922,SC,sc6,Y,279,32.6,139,8.58,1.905,,0.552,3.038,21.295,36.141,,,,,47.53231199,,14.1182609,132.1457384,758.2339327,1486.977988,,,,,,,0.095064624,,0.014118261,0.132145738,3.032935731,2.973955976,0.019,1.49768,0,2.04649,,0.09124,,1.000084051,42.24409782,0,25.61314143,0,0.949823027,,0.001000084,0.042244098,0,0.025613141,0,0.001899646,
ZAM-23-16,8/23/2023,wet,SC7,water,15.791208,119.992492,SC,sc7,Y,254,32.29,127,8.53,1.995,10.978,0.547,4.299,18.452,31.193,0.739,0,17.607,1.158,49.77793303,125.290912,13.9903781,186.9962243,657.005519,1283.398478,106.4689043,0,338.6599687,42.90083537,0.706274733,1.25E-05,0.099555866,0.000250582,0.013990378,0.186996224,2.628022076,2.566796955,0.01133,0.70197,0,0.91729,,0.01717,,0.59636591,19.80001692,0,11.48047559,0,0.178742453,,0.000596366,0.019800017,0,0.011480476,0,0.000357485,
ZAM-23-17,8/23/2023,wet,SC5,water,15.7937628,119.9799353,SC,sc5,Y,287,34.4,144,8.56,2.492,13.113,0.687,3.789,21.16,36.484,0.916,0,21.654,-40.131,62.17875143,149.662817,17.57109644,164.8124433,753.4270963,1501.090311,132.015422,0,416.4961688,0,0.7057827,1.32E-05,0.124357503,0.000299326,0.017571096,0.164812443,3.013708385,3.002180621,0.00467,0.98238,0,1.20791,,0.01754,,0.245810133,27.70936169,0,15.11777222,0,0.182594212,,0.00024581,0.027709362,0,0.015117772,0,0.000365188,
ZAM-23-18,8/23/2023,wet,SC4,water,15.7886792,119.9608309,SC,sc4,Y,296,33.92,148,8.37,4.454,17.399,0.744,4.205,22.242,39.036,1.603,0,57.041,371.672,111.1332901,198.5758142,19.02896034,182.907449,791.9529998,1606.089282,230.9606321,0,1097.156566,13775.05756,0.705721014,1.24E-05,0.22226658,0.000397152,0.01902896,0.182907449,3.167811999,3.212178564,0,0.41746,0,0.54126,,0.01457,,0,11.77502609,0,6.774217772,0,0.151676036,,0,0.011775026,0,0.006774218,0,0.000303352,
ZAM-23-19,8/23/2023,wet,SC1,water,15.7783449,119.9374307,SC,sc1,Y,939,30.5,473,8.17,12.901,117.343,2.144,130.868,16.058,47.512,2.718,0,17.128,303.652,321.8973003,1339.225496,54.83614377,5692.445192,571.764287,1954.82411,391.5359028,0,329.4481094,11254.05123,0.708794611,1.07E-05,0.643794601,0.002678451,0.054836144,5.692445192,2.287057148,3.909648221,0,3.8195,0,6.2668,,0,,0,107.7341833,0,78.4330413,0,0,,0,0.107734183,0,0.078433041,0,0,
ZAM-23-20,8/24/2023,wet,"Lawis River, ds",water,15.5841812,119.951061,West,lawis_river,Y,198,26.6,99,8.27,8.161,15.524,0.586,3.486,17.346,20.402,0.37,0,5.585,5.191,203.6279255,177.1720783,14.98786392,151.6326676,617.6250668,839.4157581,53.31790952,0,107.4247264,192.4019472,0.704756311,1.23E-05,0.407255851,0.000354344,0.014987864,0.151632668,2.470500267,1.678831516,0.073,27.48531,0,7.48616,,0,,3.842428196,775.2604857,0,93.69411765,0,0,,0.003842428,0.775260486,0,0.093694118,0,0,
ZAM-23-20,8/24/2023,wet,"Lawis River, ds",rock,,,West,lawis_river,,,,,,66112.23685,149881,583.9979777,1279.699732,220413.4949,144395.4332,,,,,1649589.222,1.71E+06,14936.65908,55663.87954,7848085.985,5940976.473,,,,,0.702788581,1.20E-05,,,,,,,,,,,,,,,,,,,,,,,,,,,
ZAM-23-21,8/24/2023,wet,Masinloc River,water,15.5377254,119.9774962,West,masinloc_river,Y,165,26.9,83,8.66,7.426,46.034,0.6045,3.692,14.7185,15.633,0.4,0,3.984,-14.071,185.2886871,525.3770152,15.46103027,160.5931752,524.0697881,643.2009875,57.65899024,0,76.62961043,0,0.70690911,,0.370577374,0.001050754,0.01546103,0.160593175,2.096279153,1.286401975,0.025,26.4254,0,49.5933,,0,,1.315900067,745.3642851,0,620.6921151,0,0,,0.0013159,0.745364285,0,0.620692115,0,0,
ZAM-23-22,8/24/2023,wet,Salasa River,water,15.4563049,119.9546541,West,salasa_river,Y,143,26.3,72,7.89,7.331,32.056,0.721,4.459,11.312,12.183,0.285,0,1.804,-4.034,182.9183093,365.848121,18.44069947,193.9558418,402.7772832,501.2548858,41.11037998,0,34.69895916,0,0.707261923,9.46E-06,0.365836619,0.000731696,0.018440699,0.193955842,1.611109133,1.002509772,0,3.0138,0,5.5347,,4.5052,,0,85.00832088,0,69.27033792,0,46.89985426,,0,0.085008321,0,0.069270338,0,0.093799709,
ZAM-23-22,8/24/2023,wet,Salasa River,rock,15.4563049,119.9546541,West,salasa_river,,,,,,97463.81342,141935,677.484325,7948.592488,262081.0945,53954.50344,,,,,2431853.222,1.62E+06,17327.71821,345744.774,9331710.683,2219893.168,,,,,0.704954017,1.26E-05,,,,,,,,,,,,,,,,,,,,,,,,,,,
ZAM-23-23,8/24/2023,wet,Bagsit River,water,15.3860058,119.958491,West,bagsit_river,Y,149,26.8,74,8.09,5.053,,0.636,3.365,12.105,14.852,,,,,126.0791457,,16.2666919,146.3694568,431.0129963,611.0676815,,,,,0.70879288,,0.252158291,,0.016266692,0.146369457,1.724051985,1.222135363,0,0.51578,0,0.5213,,0,,0,14.54827518,0,6.524405507,0,0,,0,0.014548275,0,0.006524406,0,0,
ZAM-23-23,8/24/2023,wet,Bagsit River,rock,15.3860058,119.958491,West,bagsit_river,,,,,,63759.24072,399563,3347.072603,43410.08741,293800.3606,21491.32613,,,,,1590878.804,4.56E+06,85606.60189,1888235.041,10461113.07,884234.7718,,,,,0.703474028,1.37E-05,,,,,,,,,,,,,,,,,,,,,,,,,,,
ZAM-23-24,8/24/2023,wet,Bancal River,water,15.3093397,120.0000046,West,bancal_river,N,1087,27.66,545,7.9,10.602,147.009,0.969,176.755,2.667,35.202,3.651,0,6.356,-64.977,264.5341584,1677.797233,24.78368625,7688.42001,94.96172334,1448.343962,526.0416755,0,122.2518186,0,0.70842193,,0.529068317,0.003355594,0.024783686,7.68842001,0.379846893,2.896687924,0.03133,1173.55,0,1931.705,,0,,1.649085964,33101.57109,0,24176.53317,0,0,,0.001649086,33.10157109,0,24.17653317,0,0,
ZAM-23-25,8/24/2023,wet,Bucao River,water,15.2642558,120.035746,West,bucao_river,Y,322,31.13,161,8.38,22.721,101.727,1.748,12.916,20.6895,18.459,2.467,0,2.555,24.758,566.919507,1160.999422,44.70782617,561.8151274,736.6743813,759.4733594,355.4300068,0,49.1520141,917.5767643,0.704780289,1.35E-05,1.133839014,0.002321999,0.044707826,0.561815127,2.946697525,1.518946719,0,107.2484,0,26.9872,,0,,0,3025.086735,0,337.7622028,0,0,,0,3.025086735,0,0.337762203,0,0,
ZAM-23-26,8/24/2023,wet,Dapya River,water,15.1535253,120.0549221,West,dapya_river,Y,186,28.92,93,8.11,5.78,22.902,0.6,2.027,14.403,17.139,0.332,0,3.646,7.997,144.2187734,261.3829717,15.34593576,88.16965495,512.8360335,705.1635466,47.85251503,0,70.13009551,296.4030628,,,0.288437547,0.000522766,0.015345936,0.088169655,2.051344134,1.410327093,0.01767,7.6888,0,147.0836,,0,,0.930078168,216.8730432,0,1840.846058,0,0,,0.000930078,0.216873043,0,1.840846058,0,0,
ZAM-23-27,8/24/2023,wet,Maloma River,water,15.111095,120.0544259,West,maloma_river,Y,199,31.87,99,7.71,8.604,42.492,1.388,6.546,21.464,16.668,0.449,0,2.974,55,214.6813713,484.9633818,35.50026472,284.7353534,764.2513797,685.7848179,64.71469111,0,57.20030667,2038.43464,0.704700851,1.21E-05,0.429362743,0.000969927,0.035500265,0.284735353,3.057005519,1.371569636,0,3.2416,0,0.45031,,0,,0,91.43372916,0,5.6359199,0,0,,0,0.091433729,0,0.00563592,0,0,
ZAM-23-BM,8/24/2023,wet,"Bucao, Maloma",rock,,,West,,,,,,,30715.68614,444207,12505.40343,26411.82168,290082.9102,14233.46697,,,,,766397.6779,5.07E+06,319845.196,1148851.112,10328748.81,585618.884,,,,,0.704323888,1.32E-05,,,,,,,,,,,,,,,,,,,,,,,,,,,
ZAM-23-PMB,8/23/2023,wet,PMB,rock,15.7439769,119.9520873,PMB,pmb34,,,,,,354788.2417,2244628,95.40927383,0,2663.246523,15669.46553,,,,,8852443.776,2.56E+07,2440.240978,,94828.07629,644701.3177,,,,,,,,,,,,,,,,,,,,,,,,,,,,,,,,,
ZAM-23-SC,8/23/2023,wet,Santa Cruz,rock,,,SC,,,,,,,110403.7662,61772,0,1113.242768,258689.8287,81582.42206,,,,,2754722.447,7.05E+05,0,48423.39945,9210960.61,3356610.659,,,,,0.703417721,1.70E-05,,,,,,,,,,,,,,,,,,,,,,,,,,,
ZAM-24-01,8/13/2024,wet,"Bulsa River, ds",water,15.46501,120.450028,East,bulsa_river_ds,Y,190,27.01,95,8.06,15.6986028,38.445,0.575150307,6.778784757,18.62318118,12.61322506,0.482756864,1.001409974,1.875311089,18.752,391.7012526,438.7679808,14.71036611,294.8609339,663.1006295,518.9559786,69.55148598,,,694.9809808,0.70447,0.00001,0.783402505,0.000877536,0.014710366,0.294860934,2.652402518,1.037911957,,1.3424,,,0.4798,2.7355,0,,37.86421459,,,,28.47699355,0,0,0.037864215,,,,0.056953987,0
ZAM-24-01,8/13/2024,wet,"Bulsa River, ds",rock,15.46501,120.450028,East,bulsa_river_ds,,,,,,,,,,,,,,,,,,,,,,,,,,,,,,,,,,,,,,,,,,,,,,,,,,,,,,
ZAM-24-02,8/13/2024,wet,"Bulsa River, us",water,15.4528882,120.36835,East,bulsa_river_us,Y,178,26.32,89,8.19,14.19687228,33.131,0.393001467,6.059434362,17.98530716,12.14750069,0.367192283,0.937120639,2.133078929,8.916,354.2310564,378.1198578,10.05162545,263.5709111,640.3883625,499.7943094,52.90192813,,,330.4457122,0.704413,0.00001,0.708462113,0.00075624,0.010051625,0.263570911,2.56155345,0.999588619,,1.2013,,,0.3035,2.7096,0,,33.88429752,,,,28.20737039,0,0,0.033884298,,,,0.056414741,0
ZAM-24-02,8/13/2024,wet,"Bulsa River, us",sediment,15.4528882,120.36835,East,bulsa_river_us,,,,,,,,,,,,,,,,,,,,,,,,,,,,,,,,,,,,,,,,,,,,,,,,,,,,,,
ZAM-24-03,8/13/2024,wet,"Camiling River, us",water,15.556963,120.368291,East,camiling_river_us,Y,201,27.6,99,8.54,14.09536809,26.047,0.290160635,3.887938452,15.89994455,17.09994657,0.348252896,1.072635624,2.337014057,92.042,351.6983904,297.2776054,7.421310765,169.1160295,566.1365337,703.5567402,50.17330291,,,3411.308191,0.704217,0.000011,0.703396781,0.000594555,0.007421311,0.169116029,2.264546135,1.40711348,,1.1127,,,0.4603,2.0182,0.17,,31.38521423,,,,21.00978555,1.79003896,0,0.031385214,,,,0.042019571,0.005370117
ZAM-24-03,8/13/2024,wet,"Camiling River, us",sediment,15.556963,120.368291,East,camiling_river_us,,,,,,,,,,,,,,,,,,,,,,,,,,,,,,,,,,,,,,,,,,,,,,,,,,,,,,
ZAM-24-04,8/13/2024,wet,"Camiling River, ds",water,15.615548,120.375457,East,camiling_river_ds,Y,212,28.66,106,8.63,14.67041497,28.17,0.440020019,3.644421433,15.51097462,17.95374021,0.38750631,1.11319483,1.95549238,49.827,366.0465834,321.5075633,11.25419824,158.5236212,552.2867944,738.6850529,55.8285996,,,1846.691581,0.704608,0.000012,0.732093167,0.000643015,0.011254198,0.158523621,2.209147177,1.477370106,,1.492,,,0.5707,1.8266,0.96,,42.08388571,,,,19.01519883,10.1084553,0,0.042083886,,,,0.038030398,0.030325366
ZAM-24-04,8/13/2024,wet,"Camiling River, ds",sediment,15.615548,120.375457,East,camiling_river_ds,,,,,,,,,,,,,,,,,,,,,,,,,,,,,,,,,,,,,,,,,,,,,,,,,,,,,,
ZAM-24-04,8/13/2024,wet,"Camiling River, ds",rock,15.615548,120.375457,East,camiling_river_ds,,,,,,2724.932562,68442634,1737.719854,49104.36076,279015.1603,3152.267965,,,,,67990.73213,7.81E+08,44444.8954,2135922.321,9934668.338,129696.275,,,,,0.704782882,2.35E-05,,,,,,,,,,,,,,,,,,,,,,,,,,,
ZAM-24-05,8/13/2024,wet,Malabobo River,water,15.703993,120.299623,East,malabobo_river,Y,191,29,96,8.4,17.59215834,26.277,0.166727071,2.893392519,15.95051542,15.3963828,0.329543666,1.072535646,1.49232391,5.153,438.9480099,299.9005276,4.264304855,125.8556586,567.93717,633.4656573,47.4778369,,,190.9676925,0.703754,0.000008,0.87789602,0.000599801,0.004264305,0.125855659,2.27174868,1.266931315,,1.4436,,,0.5901,0.9663,0,,40.71869799,,,,10.05933791,0,0,0.040718698,,,,0.020118676,0
ZAM-24-05,8/13/2024,wet,Malabobo River,sediment,15.703993,120.299623,East,malabobo_river,,,,,,,,,,,,,,,,,,,,,,,,,,,,,,,,,,,,,,,,,,,,,,,,,,,,,,
ZAM-24-06,8/13/2024,wet,Mangatarem River,water,15.8237531,120.2451525,East,bayaoas_river,Y,280,32.15,140,8.46,23.27492517,31.482,0.189340628,4.453836804,25.92230456,22.14977232,0.546249521,1.611167204,1.929355124,15.926,580.7406849,359.3040235,4.842681846,193.7312552,922.9946434,911.3257486,78.69896577,,,590.2601932,0.704037,0.00001,1.16148137,0.000718608,0.004842682,0.193731255,3.691978574,1.822651497,,1.5123,,,0.203,0.8992,0.17,,42.65647477,,,,9.360816157,1.79003896,0,0.042656475,,,,0.018721632,0.005370117
ZAM-24-06,8/13/2024,wet,Mangatarem River,sediment,15.8237531,120.2451525,East,bayaoas_river,,,,,,,,,,,,,,,,,,,,,,,,,,,,,,,,,,,,,,,,,,,,,,,,,,,,,,
ZAM-24-07,8/13/2024,wet,Mapita River,water,15.8944834,120.2050293,East,mapita_river,Y,319,33.49,160,8.38,30.65814216,44.331,0.168693277,6.035721642,29.58146619,21.79281349,0.603759728,1.978190678,2.013330271,10.978,764.9618783,505.9412987,4.314593645,262.5394645,1053.283468,896.6391068,86.98454515,,,406.8815689,0.704164,0.000009,1.529923757,0.001011883,0.004314594,0.262539464,4.213133871,1.793278214,,1.6052,,,0.4512,3.6786,0,,45.2768454,,,,38.29481574,0,0,0.045276845,,,,0.076589631,0
ZAM-24-07,8/13/2024,wet,Mapita River,sediment,15.8944834,120.2050293,East,mapita_river,,,,,,,,,,,,,,,,,,,,,,,,,,,,,,,,,,,,,,,,,,,,,,,,,,,,,,
ZAM-24-08,8/13/2024,wet,Bayaoas River,water,15.9194411,120.2031564,East,dumoloc_river,Y,356,31,178,8.04,28.52815296,39.599,0.755903347,6.25640434,26.45807047,24.380697,0.612063526,1.978113422,3.002496315,84.733,711.8157832,451.9383389,19.33340701,272.1386344,942.0712291,1003.114462,88.18088548,,,3140.420223,0.704433,0.00001,1.423631566,0.000903877,0.019333407,0.272138634,3.768284917,2.006228924,,2.3432,,,0.9142,2.9813,0,,66.09313739,,,,31.03581095,0,0,0.066093137,,,,0.062071622,0
ZAM-24-08,8/13/2024,wet,Bayaoas River,sediment,15.9194411,120.2031564,East,dumoloc_river,,,,,,,,,,,,,,,,,,,,,,,,,,,,,,,,,,,,,,,,,,,,,,,,,,,,,,
ZAM-24-09,8/14/2024,wet,PMB4,water,15.7432418,119.9521657,PMB,pmb4,Y,341,30.63,170,7.94,29.75998523,162.42,0.019620778,2.306259885,18.72988113,59.32715789,1.88280802,3.441211453,8.334765136,10.828,742.551655,1853.685187,0.50183201,100.3167924,666.8998088,2440.944575,271.2588994,,,401.3272176,0.708648,0.00001,1.48510331,0.00370737,0.000501832,0.100316792,2.667599235,4.88188915,,2.0953,,,0.2419,3.9436,0,,59.10078132,,,,41.05350822,0,0,0.059100781,,,,0.082107016,0
ZAM-24-09,8/14/2024,wet,PMB4,sediment,15.7432418,119.9521657,PMB,pmb4,,,,,,,,,,,,,,,,,,,,,,,,,,,,,,,,,,,,,,,,,,,,,,,,,,,,,,
ZAM-24-10,8/14/2024,wet,Confluence of PMB3 and PMB4,water,15.744017,119.9520269,PMB,pmb34,Y,485,29.9,243,7.77,26.4540561,130.572,0.12647907,1.981675626,22.54332564,54.82738442,1.770357715,2.918610223,9.438306044,7.153,660.0642772,1490.210001,3.234899461,86.19815301,802.6820595,2255.806806,255.0580197,,,265.11167,0.708627,0.000012,1.320128554,0.00298042,0.003234899,0.086198153,3.210728238,4.511613612,,2.4007,,,0.478,4.8649,0,,67.71500296,,,,50.64438892,0,0,0.067715003,,,,0.101288778,0
ZAM-24-10,8/14/2024,wet,Confluence of PMB3 and PMB4,sediment,15.744017,119.9520269,PMB,pmb34,,,,,,,,,,,,,,,,,,,,,,,,,,,,,,,,,,,,,,,,,,,,,,,,,,,,,,
ZAM-24-11,8/14/2024,wet,PMB3,water,15.7439734,119.9522214,PMB,pmb3,Y,470,29.26,235,7.68,24.67243019,89.158,0.126679461,1.74358072,26.30309893,53.94195112,1.549412602,2.526292335,11.88991595,6.109,615.6103146,,3.240024784,75.84159371,936.5532822,2219.376718,223.2261348,,,226.4120704,0.708572,0.00001,1.231220629,0,0.003240025,0.075841594,3.746213129,4.438753435,,2.6899,,,0.2844,5.4522,0,,75.87228161,,,,56.75827608,0,0,0.075872282,,,,0.113516552,0
ZAM-24-11,8/14/2024,wet,PMB3,sediment,15.7439734,119.9522214,PMB,pmb3,,,,,,,,,,,,,,,,,,,,,,,,,,,,,,,,,,,,,,,,,,,,,,,,,,,,,,
ZAM-24-11C,8/14/2024,wet,PMB3,rock,15.7439734,119.9522214,PMB,pmb3,,,,,,nan,3785068351,1386.480204,597.3316164,0,26958.50675,,,,,nan,4.32E+10,35461.39355,25982.49754,,1109175.345,,,,,0.708810769,2.07E-05,,,,,,,,,,,,,,,,,,,,,,,,,,,
ZAM-24-11NC,8/14/2024,wet,PMB3,rock,15.7439734,119.9522214,PMB,pmb3,,,,,,2225.167785,3720764,1378.67724,0,158437.0461,245762.5016,,,,,55520.92881,4.25E+07,35261.82059,,5641340.435,10111602.62,,,,,0.709631155,1.75E-05,,,,,,,,,,,,,,,,,,,,,,,,,,,
ZAM-24-12,8/14/2024,wet,PMB2,water,15.7543453,119.9497115,PMB,pmb2,Y,529,29.22,265,7.65,37.64794726,170.727,0.304004837,2.56567712,27.95185672,54.83012347,2.489568073,2.918853026,3.991565698,9.517,939.366916,1948.491886,7.775397838,111.6008221,995.2592743,2255.919501,358.6757057,,,352.7072718,0.708671,0.000008,1.878733832,0.003896984,0.007775398,0.111600822,3.981037097,4.511839002,,1.3972,,,0.2924,5.2828,0,,39.409923,,,,54.99479492,0,0,0.039409923,,,,0.10998959,0
ZAM-24-12,8/14/2024,wet,PMB2,sediment,15.7543453,119.9497115,PMB,pmb2,,,,,,,,,,,,,,,,,,,,,,,,,,,,,,,,,,,,,,,,,,,,,,,,,,,,,,
ZAM-24-13,8/14/2024,wet,PMB1,water,15.7530052,119.936175,PMB,pmb1,Y,517,31.25,259,7.58,34.58013819,181.562,0.34025525,2.962970859,21.59707287,50.9419199,2.080394215,2.918808881,6.487743509,10.642,862.8209539,2072.156496,8.702558689,128.8821501,768.9895984,2095.94404,299.7254308,,,394.4009268,0.708659,0.00001,1.725641908,0.004144313,0.008702559,0.12888215,3.075958393,4.191888081,,3.1048,,,0.5813,9.3889,0,,87.57509943,,,,97.7399542,0,0,0.087575099,,,,0.195479908,0
ZAM-24-13,8/14/2024,wet,PMB1,sediment,15.7530052,119.936175,PMB,pmb1,,,,,,,,,,,,,,,,,,,,,,,,,,,,,,,,,,,,,,,,,,,,,,,,,,,,,,
ZAM-24-14A,8/15/2024,wet,SC Rock,rock,15.7918558,120.0065867,SC,horizon_a,,,,,,1617.694445,2704991,1002.296783,0,283309.382,278773.0083,,,,,40363.65201,3.09E+07,25635.30341,,10087569.24,11469780.22,,,,,0.708995355,2.50E-05,,,,,,,,,,,,,,,,,,,,,,,,,,,
ZAM-24-14B,8/15/2024,wet,SC Rock,rock,15.7918558,120.0065867,SC,horizon_b,,,,,,1750.742765,2927465,1084.731326,0,149067.8855,157956.8796,,,,,43683.38652,3.34E+07,27743.69542,,5307740.272,6498945.878,,,,,0.707882748,4.41E-05,,,,,,,,,,,,,,,,,,,,,,,,,,,
ZAM-24-14C,8/15/2024,wet,Soil,soil,15.7918558,120.0065867,SC,horizon_c,,,,,,,,,,,,,,,,,,,,,,,,,,0.704830953,2.23E-05,,,,,,,,,,,,,,,,,,,,,,,,,,,
ZAM-24-14D,8/15/2024,wet,Soil,soil,15.7918558,120.0065867,SC,horizon_d,,,,,,,,,,,,,,,,,,,,,,,,,,0.704982056,1.92E-05,,,,,,,,,,,,,,,,,,,,,,,,,,,
ZAM-24-14E,8/15/2024,wet,SC Rock,rock,15.7918558,120.0065867,SC,horizon_e,,,,,,8977.334672,3067628,1136.666745,0,381254.4807,326798.3017,,,,,223996.5735,3.50E+07,29072.02475,0,13575021.57,13445723.17,,,,,0.709698384,5.78E-05,,,,,,,,,,,,,,,,,,,,,,,,,,,
ZAM-24-15,8/15/2024,wet,SC6,water,15.792902,119.9918362,SC,sc6,Y,558,29.35,279,8.59,2.297861457,11.236,0.131015833,2.646921945,18.14257672,39.15543477,0.76606982,1.469909245,14.68526492,3.989,57.33473369,128.2309527,3.350934263,115.1347778,645.9881332,1611.003282,110.368797,,,147.8297175,0.706181,0.000012,0.114669467,0.000256462,0.003350934,0.115134778,2.583952533,3.222006564,,2.9626,,,0.4362,2.1716,0,,83.56415536,,,,22.60670414,0,0,0.083564155,,,,0.045213408,0
ZAM-24-15,8/15/2024,wet,SC6,sediment,15.792902,119.9918362,SC,sc6,,,,,,,,,,,,,,,,,,,,,,,,,,,,,,,,,,,,,,,,,,,,,,,,,,,,,,
ZAM-24-16,8/15/2024,wet,SC7,water,15.7925352,119.9910551,SC,sc7,Y,574,29.7,288,8.71,1.904696334,10.801,0.108286541,1.314647848,20.50867219,41.64603712,0.803587913,1.470004329,18.38869889,3.762,47.52473512,123.2738413,2.769597167,57.18403904,730.235791,1713.476121,115.7740834,,,139.4187232,0.705659,0.000025,0.09504947,0.000246548,0.002769597,0.057184039,2.920943164,3.426952242,,1.7911,,,0.4353,1.2103,0,,50.5204073,,,,12.59941703,0,0,0.050520407,,,,0.025198834,0
ZAM-24-16,8/15/2024,wet,SC7,rock,15.7925352,119.9910551,SC,sc7,,,,,,11050.61282,3515904,1302.76924,921.9130017,162741.6913,226186.2818,,,,,275727.6515,4.01E+07,33320.35511,40101.01196,5794612.473,9306162.591,,,,,0.705671745,1.24E-05,,,,,,,,,,,,,,,,,,,,,,,,,,,
ZAM-24-17,8/15/2024,wet,SC4,water,15.7900949,119.9706186,SC,sc4,Y,599,30.87,300,8.57,6.081064547,16.843,0.34895254,2.560595941,19.14210505,40.46776147,0.779360125,1.610742297,10.93438399,7.541,151.7307387,192.2286183,8.925005435,111.3798029,681.5775343,1664.997386,112.2835507,,,279.486807,0.705393,0.000018,0.303461477,0.000384457,0.008925005,0.111379803,2.726310137,3.329994772,,2.8806,,,0.5663,2.505,0,,81.25123403,,,,26.07745159,0,0,0.081251234,,,,0.052154903,0
ZAM-24-17,8/15/2024,wet,SC4,sediment,15.7900949,119.9706186,SC,sc4,,,,,,,,,,,,,,,,,,,,,,,,,,,,,,,,,,,,,,,,,,,,,,,,,,,,,,
ZAM-24-18,8/15/2024,wet,SC1,water,15.772732,119.932947,SC,sc1,Y,5242,30.44,1042,7.81,30.72429694,410.97,21.01257584,557.4231455,15.32631346,93.1185449,13.61087456,21.74337933,19.73949554,129.937,766.6125291,4690.366328,537.4293982,24246.57444,545.711713,3831.250562,1960.938562,,,4815.767095,0.709028,0.00001,1.533225058,0.009380733,0.537429398,24.24657444,2.182846852,7.662501123,,383.3969,,,0.3341,82.0528,0,,10814.23011,,,,854.1828024,0,0,10.81423011,,,,1.708365605,0
ZAM-24-19,8/15/2024,wet,Lawis River,water,15.5841812,119.951061,West,lawis_river,Y,380,29.23,190,8.55,7.382260117,12.691,0.106609758,1.569304843,16.10661181,23.00527381,0.305734657,0.936478196,4.139462076,31.809,184.1973182,144.8417876,2.726710816,68.26100963,573.4951686,946.5243287,44.04763825,,,1178.931261,0.704742,0.00001,0.368394636,0.000289684,0.002726711,0.06826101,2.293980674,1.893048657,,2.452,,,0.2823,0.8036,0,,69.16198911,,,,8.36560483,0,0,0.069161989,,,,0.01673121,0
ZAM-24-19,8/15/2024,wet,Lawis River,sediment,15.5841812,119.951061,West,lawis_river,,,,,,,,,,,,,,,,,,,,,,,,,,,,,,,,,,,,,,,,,,,,,,,,,,,,,,
ZAM-24-20,8/16/2024,wet,Masinloc River,water,15.5377254,119.9774962,West,masinloc_river,Y,339,26.44,170,,8.054221026,40.732,0.189047518,1.898600328,14.60377183,19.13840955,0.42448253,0.826483604,3.31925913,3.803,200.9636465,464.8727631,4.835185108,82.58457612,519.9847545,787.4268484,61.15581754,,,140.9607546,0.707852,0.000012,0.401927293,0.000929746,0.004835185,0.082584576,2.079939018,1.574853697,,1.5556,,,0.339,1.4966,0,,43.87781006,,,,15.57984593,0,0,0.04387781,,,,0.031159692,0
ZAM-24-20,8/16/2024,wet,Masinloc River,sediment,15.5377254,119.9774962,West,masinloc_river,,,,,,,,,,,,,,,,,,,,,,,,,,,,,,,,,,,,,,,,,,,,,,,,,,,,,,
ZAM-24-21,8/16/2024,wet,Salasa River,water,15.4563049,119.9546541,West,salasa_river,Y,277,25.61,139,8.11,7.114252483,20.161,0.161798623,2.593629315,11.01990333,14.18543576,0.199124357,0.488924917,0.977311487,3.22,177.5101672,230.0976195,4.138252131,112.8166758,392.3768321,583.6426974,28.68813671,,,119.3250677,0.70725,0.000009,0.355020334,0.000460195,0.004138252,0.112816676,1.569507328,1.167285395,,3.1472,,,0.3793,1.1495,0,,88.77104899,,,,11.96647928,0,0,0.088771049,,,,0.023932959,0
ZAM-24-21,8/16/2024,wet,Salasa River,sediment,15.4563049,119.9546541,West,salasa_river,,,,,,,,,,,,,,,,,,,,,,,,,,,,,,,,,,,,,,,,,,,,,,,,,,,,,,
ZAM-24-22,8/16/2024,wet,Bagsit River,water,15.3860704,119.9614525,West,bagsit_river,Y,289,26.48,149,8.2,4.791604608,17.524,0.084828642,1.170768728,11.88404845,17.77622911,0.219626412,0.593958055,2.008505355,31.16,119.5569791,200.0027246,2.169624822,50.92564123,423.1457522,731.3815721,31.64189775,,,1154.849703,0.706979,0.000007,0.239113958,0.000400005,0.002169625,0.050925641,1.692583009,1.462763144,,0.887,,,0.2395,0,0,,25.01903929,,,,0,0,0,0.025019039,,,,0,0
ZAM-24-22,8/16/2024,wet,Bagsit River,sediment,15.3860704,119.9614525,West,bagsit_river,,,,,,,,,,,,,,,,,,,,,,,,,,,,,,,,,,,,,,,,,,,,,,,,,,,,,,
ZAM-24-23,8/16/2024,wet,Bancal River,water,15.3095557,119.9991949,West,bancal_river,Y,3078.6,,1538.4,7.955,7.266714865,103.792,3.446980878,96.95543065,15.85379054,33.06267761,3.047732981,5.271358711,5.972208934,32.155,181.3143087,1184.572654,88.16191185,4217.329485,564.493165,1360.324115,439.0913386,,,1191.752227,0.708454,0.000008,0.362628617,0.002369145,0.088161912,4.217329485,2.25797266,2.72064823,,50.9455,,,0.4069,10.2477,0,,1436.986997,,,,106.6801999,0,0,1.436986997,,,,0.2133604,0
ZAM-24-23,8/16/2024,wet,Bancal River,sediment,15.3095557,119.9991949,West,bancal_river,,,,,,,,,,,,,,,,,,,,,,,,,0,,,,,,,,,,,,,,,,,,,,,,,,,,,,,
ZAM-24-24,8/16/2024,wet,Bucao River,water,15.2642558,120.035746,West,bucao_river,Y,529,36.03,266,8.503333333,23.3818753,98.765,1.887242297,12.56205089,20.04785224,24.82261933,2.556779189,1.979025042,2.857952897,97.236,583.4092345,1127.201149,48.26916508,546.4191872,713.8277458,1021.296825,368.3589092,,,3603.787184,0.704598,0.00001,1.166818469,0.002254402,0.048269165,0.546419187,2.855310983,2.04259365,,5.6843,,,0.314,61.2439,0,,160.3333991,,,,637.5588174,0,0,0.160333399,,,,1.275117635,0
ZAM-24-24,8/16/2024,wet,Bucao River - Pumice,rock,15.2642558,120.035746,West,bucao_river,,,,,,31560.91445,2072512713,11824.75162,31557.32899,328233.9487,11486.07179,,,,,787487.2611,2.37E+10,302436.4645,1372668.381,11687162.14,472580.6126,,,,,0.704244167,1.14E-05,,,,,,,,,,,,,,,,,,,,,,,,,,,
ZAM-24-24,8/16/2024,wet,Bucao River - Construction Sand,rock,15.2642558,120.035746,West,bucao_river,,,,,,,,,,,,,,,,,,,,,,,,,,,,,,,,,,,,,,,,,,,,,,,,,,,,,,
ZAM-24-25,8/16/2024,wet,Dapya River,water,15.1535767,120.0590209,West,dapya_river,Y,412,29.9,206,8.15,5.726371373,16.574,0.157853841,2.370637714,18.93893581,25.55092001,0.336880018,1.000843431,4.003441843,5.713,142.880667,189.1554874,4.037358177,103.1170741,674.3434506,1051.261881,48.53479578,,,211.7323974,0.704407,0.000012,0.285761334,0.000378311,0.004037358,0.103117074,2.697373802,2.102523761,,1.5894,,,0.401,1.0308,0,,44.83118495,,,,10.73079325,0,0,0.044831185,,,,0.021461587,0
ZAM-24-25,8/16/2024,wet,Dapya River,sediment,15.1535767,120.0590209,West,dapya_river,,,,,,,,,,,,,,,,,,,,,,,,,,,,,,,,,,,,,,,,,,,,,,,,,,,,,,
ZAM-24-25D,8/16/2024,wet,Dapya River,rock,15.1535767,120.0590209,West,dapya_river,,,,,,2294.61599,3836890,1421.706202,57.1245084,107683.9023,215974.6523,,,,,57253.75493,4.38E+07,36362.3534,2484.779573,3834214.074,8886017.375,,,,,0.703334484,1.41E-05,,,,,,,,,,,,,,,,,,,,,,,,,,,
ZAM-24-25L,8/16/2024,wet,Dapya River,rock,15.1535767,120.0590209,West,dapya_river,,,,,,100324.7804,447005432,1475.065485,4518.940324,226175.9661,66711.0123,,,,,2503238.195,5.10E+09,37727.1003,196563.1026,8053265.662,2744744.386,,,,,0.703843583,1.04E-05,,,,,,,,,,,,,,,,,,,,,,,,,,,
ZAM-24-26,8/16/2024,wet,Maloma River,water,15.1088862,120.0534654,West,maloma_river,Y,454,33.25,227,8.09,9.448666834,40.936,1.078574649,8.05087119,22.65753577,20.9842194,0.549828899,1.153846062,2.468485727,52.705,235.7569448,467.1939569,27.58622879,350.1936531,806.7486477,863.3704752,79.21465188,,,1953.36539,0.705127,0.000009,0.47151389,0.000934388,0.027586229,0.350193653,3.226994591,1.72674095,,4.9111,,,0.6105,3.2946,0.19,,138.5242434,,,,34.29731418,2.000631778,0,0.138524243,,,,0.068594628,0.006001895
ZAM-24-assorted rocks,24-Aug,wet,,rock,,,,,,,,,,,,,,,,,,,,,,,,,,,,,,,,,,,,,,,,,,,,,,,,,,,,,,,,,,
,6/15/2018,wet,PMB2,water,15.754361,119.949625,PMB,pmb2,Y,,,,,,,,,,,,,,,761.016,,4.604,69.596,658.703,1090.311,,,,,,,1.522032,,0.004604,0.069596,2.634812,2.180622,,,,,,,,,73.337,,,0,37.477,,,0.073337,,,,0.074954,
,6/16/2018,wet,PMB2,water,15.754361,119.949625,PMB,pmb2,Y,,,,,,,,,,,,,,,596.337,,3.581,73.946,672.945,1201.399,,,,,,,1.192674,,0.003581,0.073946,2.69178,2.402798,,,,,,,,,67.695,,,0,40.6,,,0.067695,,,,0.0812,
,6/18/2018,wet,PMB2,water,15.754361,119.949625,PMB,pmb2,Y,,,,,,,,,,,,,,,718.599,,3.836,73.946,701.43,1291.915,,,,,,,1.437198,,0.003836,0.073946,2.80572,2.58383,,,,,,,,,67.695,,,0,47.887,,,0.067695,,,,0.095774,
,6/28/2018,wet,PMB2,water,15.754361,119.949625,PMB,pmb2,Y,,,,,,,,,,,,,,,820.899,,4.092,108.744,801.125,1509.977,,,,,,,1.641798,,0.004092,0.108744,3.2045,3.019954,,,,,,,,,0,,,0,0,,,0,,,,0,
,7/10/2018,wet,PMB2,water,15.754361,119.949625,PMB,pmb2,Y,,,,,,,,,,,,,,,870.802,,5.115,100.045,861.655,1740.383,,,,,,,1.741604,,0.005115,0.100045,3.44662,3.480766,,,,,,,,,0,,,0,0,,,0,,,,0,
,7/22/2018,wet,PMB2,water,15.754361,119.949625,PMB,pmb2,Y,,,,,,,,,,,,,,,661.211,,3.581,73.946,594.613,1012.137,,,,,,,1.322422,,0.003581,0.073946,2.378452,2.024274,,,,,,,,3.685,73.337,,,0,33.313,,0.003685,0.073337,,,,0.066626,
,7/22/2018,wet,PMB2,water,15.754361,119.949625,PMB,pmb2,Y,,,,,,,,,,,,,,,623.784,,3.836,65.246,534.083,929.85,,,,,,,1.247568,,0.003836,0.065246,2.136332,1.8597,,,,,,,,,0,,,0,0,,,0,,,,0,
,8/1/2018,wet,PMB2,water,15.754361,119.949625,PMB,pmb2,Y,,,,,,,,,,,,,,,813.414,,5.371,91.345,854.533,1629.294,,,,,,,1.626828,,0.005371,0.091345,3.418132,3.258588,,,,,,,,3.158,73.337,,,0,69.748,,0.003158,0.073337,,,,0.139496,
,9/7/2018,wet,PMB2,water,15.754361,119.949625,PMB,pmb2,Y,,,,,,,,,,,,,,,668.696,,4.092,69.596,683.627,1296.03,,,,,,,1.337392,,0.004092,0.069596,2.734508,2.59206,,,,,,,,,59.233,,,0,43.723,,,0.059233,,,,0.087446,
,10/5/2018,wet,PMB2,water,15.754361,119.949625,PMB,pmb2,Y,,,,,,,,,,,,,,,190.878,,3.325,113.094,840.291,1588.151,,,,,,,0.381756,,0.003325,0.113094,3.361164,3.176302,,,,,,,,,81.798,,,0,68.707,,,0.081798,,,,0.137414,
,11/2/2018,dry,PMB2,water,15.754361,119.949625,PMB,pmb2,Y,,,,,,,,,,,,,,,825.89,,3.325,113.094,850.973,1703.353,,,,,,,1.65178,,0.003325,0.113094,3.403892,3.406706,,,,,,,,,101.543,,,0,87.445,,,0.101543,,,,0.17489,
,12/7/2018,dry,PMB2,water,15.754361,119.949625,PMB,pmb2,Y,,,,,,,,,,,,,,,748.54,,5.627,108.744,847.412,1723.925,,,,,,,1.49708,,0.005627,0.108744,3.389648,3.44785,,,,,,,,3.685,76.157,,,0,68.707,,0.003685,0.076157,,,,0.137414,
,1/11/2019,dry,PMB2,water,15.754361,119.949625,PMB,pmb2,Y,,,,,,,,,,,,,,,621.288,,16.369,134.843,790.443,1793.87,,,,,,,1.242576,,0.016369,0.134843,3.161772,3.58774,,,,,,,,3.685,95.902,,,0,74.953,,0.003685,0.095902,,,,0.149906,
,2/1/2019,dry,PMB2,water,15.754361,119.949625,PMB,pmb2,Y,,,,,,,,,,,,,,,1170.218,,17.904,156.591,758.398,1752.726,,,,,,,2.340436,,0.017904,0.156591,3.033592,3.505452,,,,,,,,4.211,98.722,,,0,77.035,,0.004211,0.098722,,,,0.15407,
,6/30/2019,wet,PMB2,water,15.754361,119.949625,PMB,pmb2,Y,,,,,,,,,,,,,,,880.782,,9.719,117.444,733.475,1612.837,,,,,,,1.761564,,0.009719,0.117444,2.9339,3.225674,,,,,,,,,101.543,,,0,166.563,,,0.101543,,,,0.333126,
,7/25/2019,wet,PMB2,water,15.754361,119.949625,PMB,pmb2,Y,,,,,,,,,,,,,,,733.57,,4.86,104.394,915.063,1806.213,,,,,,,1.46714,,0.00486,0.104394,3.660252,3.612426,,,,,,,,,90.26,,,0,102.02,,,0.09026,,,,0.20404,
,6/15/2018,wet,PMB3,water,15.744064,119.952366,PMB,pmb3,Y,,,,,,,,,,,,,,,326.863,,4.86,56.547,687.187,1221.971,,,,,,,0.653726,,0.00486,0.056547,2.748748,2.443942,,,,,,,,,67.695,,,0,27.066,,,0.067695,,,,0.054132,
,6/16/2018,wet,PMB3,water,15.744064,119.952366,PMB,pmb3,Y,,,,,,,,,,,,,,,379.26,,3.325,60.897,722.793,1333.059,,,,,,,0.75852,,0.003325,0.060897,2.891172,2.666118,,,,,,,,,64.875,,,0,29.148,,,0.064875,,,,0.058296,
,6/18/2018,wet,PMB3,water,15.744064,119.952366,PMB,pmb3,Y,,,,,,,,,,,,,,,419.183,,3.069,60.897,754.838,1419.461,,,,,,,0.838366,,0.003069,0.060897,3.019352,2.838922,,,,,,,,,64.875,,,0,31.23,,,0.064875,,,,0.06246,
,6/28/2018,wet,PMB3,water,15.744064,119.952366,PMB,pmb3,Y,,,,,,,,,,,,,,,416.687,,,60.897,790.443,1526.435,,,,,,,0.833374,,,0.060897,3.161772,3.05287,,,,,,,,,0,,,0,0,,,0,,,,0,
,7/10/2018,wet,PMB3,water,15.744064,119.952366,PMB,pmb3,Y,,,,,,,,,,,,,,,686.162,,,78.296,765.52,1629.294,,,,,,,1.372324,,,0.078296,3.06208,3.258588,,,,,,,,,0,,,0,0,,,0,,,,0,
,7/22/2018,wet,PMB3,water,15.744064,119.952366,PMB,pmb3,Y,,,,,,,,,,,,,,,436.649,,3.581,65.246,722.793,1234.314,,,,,,,0.873298,,0.003581,0.065246,2.891172,2.468628,,,,,,,,,70.516,,,0,27.066,,,0.070516,,,,0.054132,
,7/22/2018,wet,PMB3,water,15.744064,119.952366,PMB,pmb3,Y,,,,,,,,,,,,,,,399.222,,2.813,60.897,612.416,1090.311,,,,,,,0.798444,,0.002813,0.060897,2.449664,2.180622,,,,,,,,,0,,,0,0,,,0,,,,0,
,8/1/2018,wet,PMB3,water,15.744064,119.952366,PMB,pmb3,Y,,,,,,,,,,,,,,,444.134,,,78.296,829.61,1641.638,,,,,,,0.888268,,,0.078296,3.31844,3.283276,,,,,,,,,73.337,,,0,41.641,,,0.073337,,,,0.083282,
,8/1/2018,wet,PMB3,water,15.744064,119.952366,PMB,pmb3,Y,,,,,,,,,,,,,,,668.696,,,73.946,822.488,1604.608,,,,,,,1.337392,,,0.073946,3.289952,3.209216,,,,,,,,,0,,,0,0,,,0,,,,0,
,9/7/2018,wet,PMB3,water,15.744064,119.952366,PMB,pmb3,Y,,,,,,,,,,,,,,,501.522,,,65.246,790.443,1489.405,,,,,,,1.003044,,,0.065246,3.161772,2.97881,,,,,,,,,64.875,,,0,32.271,,,0.064875,,,,0.064542,
,10/5/2018,wet,PMB3,water,15.744064,119.952366,PMB,pmb3,Y,,,,,,,,,,,,,,,228.305,,3.069,100.045,790.443,1538.778,,,,,,,0.45661,,0.003069,0.100045,3.161772,3.077556,,,,,,,,,93.081,,,0,42.682,,,0.093081,,,,0.085364,
,11/2/2018,dry,PMB3,water,15.744064,119.952366,PMB,pmb3,Y,,,,,,,,,,,,,,,424.173,,,73.946,808.246,1653.981,,,,,,,0.848346,,,0.073946,3.232984,3.307962,,,,,,,,,95.902,,,0,39.559,,,0.095902,,,,0.079118,
,12/7/2018,dry,PMB3,water,15.744064,119.952366,PMB,pmb3,Y,,,,,,,,,,,,,,,688.657,,3.836,86.995,761.959,1629.294,,,,,,,1.377314,,0.003836,0.086995,3.047836,3.258588,,,,,,,,3.158,90.26,,,0,44.764,,,0.09026,,,,0.089528,
,1/11/2019,dry,PMB3,water,15.744064,119.952366,PMB,pmb3,Y,,,,,,,,,,,,,,,521.483,,8.952,95.695,822.488,1584.036,,,,,,,1.042966,,0.008952,0.095695,3.289952,3.168072,,,,,,,,3.685,101.543,,,0,48.928,,,0.101543,,,,0.097856,
,2/1/2019,dry,PMB3,water,15.744064,119.952366,PMB,pmb3,Y,,,,,,,,,,,,,,,1140.276,,22.252,134.843,747.717,1678.667,,,,,,,2.280552,,0.022252,0.134843,2.990868,3.357334,,,,,,,,4.737,126.929,,,0,57.256,,,0.126929,,,,0.114512,
,3/8/2019,dry,PMB3,water,15.744064,119.952366,PMB,pmb3,Y,,,,,,,,,,,,,,,1115.325,,21.484,139.192,783.322,1625.18,,,,,,,2.23065,,0.021484,0.139192,3.133288,3.25036,,,,,,,,5.264,121.287,,,0,53.092,,,0.121287,,,,0.106184,
,4/19/2019,dry,PMB3,water,15.744064,119.952366,PMB,pmb3,Y,,,,,,,,,,,,,,,1040.471,,17.648,113.094,783.322,1526.435,,,,,,,2.080942,,0.017648,0.113094,3.133288,3.05287,,,,,,,,5.264,121.287,,,0,68.707,,,0.121287,,,,0.137414,
,5/24/2019,wet,PMB3,water,15.744064,119.952366,PMB,pmb3,Y,,,,,,,,,,,,,,,1027.995,,19.694,121.793,761.959,1542.892,,,,,,,2.05599,,0.019694,0.121793,3.047836,3.085784,,,,,,,,5.264,135.391,,,0,67.666,,,0.135391,,,,0.135332,
,6/15/2019,wet,PMB3,water,15.744064,119.952366,PMB,pmb3,Y,,,,,,,,,,,,,,,536.454,,7.673,78.296,715.672,1390.66,,,,,,,1.072908,,0.007673,0.078296,2.862688,2.78132,,,,,,,,,121.287,,,0,83.281,,,0.121287,,,,0.166562,
,6/16/2019,wet,PMB3,water,15.744064,119.952366,PMB,pmb3,Y,,,,,,,,,,,,,,,533.959,,6.65,82.645,740.596,1555.236,,,,,,,1.067918,,0.00665,0.082645,2.962384,3.110472,,,,,,,,,118.467,,,0,97.856,,,0.118467,,,,0.195712,
,6/17/2019,wet,PMB3,water,15.744064,119.952366,PMB,pmb3,Y,,,,,,,,,,,,,,,673.686,,6.394,91.345,776.201,1711.582,,,,,,,1.347372,,0.006394,0.091345,3.104804,3.423164,,,,,,,,,138.211,,,0,93.691,,,0.138211,,,,0.187382,
,6/29/2019,wet,PMB3,water,15.744064,119.952366,PMB,pmb3,Y,,,,,,,,,,,,,,,516.493,,5.627,82.645,779.762,1818.556,,,,,,,1.032986,,0.005627,0.082645,3.119048,3.637112,,,,,,,,,107.184,,,0,62.461,,,0.107184,,,,0.124922,
,6/30/2019,wet,PMB3,water,15.744064,119.952366,PMB,pmb3,Y,,,,,,,,,,,,,,,414.192,,4.348,78.296,769.08,1691.01,,,,,,,0.828384,,0.004348,0.078296,3.07632,3.38202,,,,,,,,,112.825,,,0,60.379,,,0.112825,,,,0.120758,
,7/1/2019,wet,PMB3,water,15.744064,119.952366,PMB,pmb3,Y,,,,,,,,,,,,,,,815.909,,7.161,121.793,494.917,1612.837,,,,,,,1.631818,,0.007161,0.121793,1.979668,3.225674,,,,,,,,,220.01,,,0,97.856,,,0.22001,,,,0.195712,
,7/17/2019,wet,PMB3,water,15.744064,119.952366,PMB,pmb3,Y,,,,,,,,,,,,,,,346.824,,7.673,73.946,505.599,1032.709,,,,,,,0.693648,,0.007673,0.073946,2.022396,2.065418,,,,,,,,,81.798,,,0,36.436,,,0.081798,,,,0.072872,
,7/18/2019,wet,PMB3,water,15.744064,119.952366,PMB,pmb3,Y,,,,,,,,,,,,,,,249.513,,3.581,65.246,747.717,1427.69,,,,,,,0.499026,,0.003581,0.065246,2.990868,2.85538,,,,,,,,,87.44,,,0,32.271,,,0.08744,,,,0.064542,
,6/15/2018,wet,PMB4,water,15.743846,119.952028,PMB,pmb4,Y,,,,,,,,,,,,,,,321.872,,4.86,65.246,502.038,1472.948,,,,,,,0.643744,,0.00486,0.065246,2.008152,2.945896,,,,,,,,,84.619,,,0,28.107,,,0.084619,,,,0.056214,
,6/16/2018,wet,PMB4,water,15.743846,119.952028,PMB,pmb4,Y,,,,,,,,,,,,,,,396.726,,4.092,69.596,530.523,1530.549,,,,,,,0.793452,,0.004092,0.069596,2.122092,3.061098,,,,,,,,,84.619,,,0,39.559,,,0.084619,,,,0.079118,
,6/18/2018,wet,PMB4,water,15.743846,119.952028,PMB,pmb4,Y,,,,,,,,,,,,,,,481.561,,3.581,73.946,548.326,1547.007,,,,,,,0.963122,,0.003581,0.073946,2.193304,3.094014,,,,,,,,,87.44,,,0,40.6,,,0.08744,,,,0.0812,
,6/28/2018,wet,PMB4,water,15.743846,119.952028,PMB,pmb4,Y,,,,,,,,,,,,,,,531.464,,3.325,82.645,562.568,1703.353,,,,,,,1.062928,,0.003325,0.082645,2.250272,3.406706,,,,,,,,,0,,,0,0,,,0,,,,0,
,7/10/2018,wet,PMB4,water,15.743846,119.952028,PMB,pmb4,Y,,,,,,,,,,,,,,,504.017,,,78.296,277.723,1069.739,,,,,,,1.008034,,,0.078296,1.110892,2.139478,,,,,,,,,0,,,0,0,,,0,,,,0,
,7/22/2018,wet,PMB4,water,15.743846,119.952028,PMB,pmb4,Y,,,,,,,,,,,,,,,628.774,,5.371,73.946,1285.361,2295.824,,,,,,,1.257548,,0.005371,0.073946,5.141444,4.591648,,,,,,,,,78.978,,,0,31.23,,,0.078978,,,,0.06246,
,7/22/2018,wet,PMB4,water,15.743846,119.952028,PMB,pmb4,Y,,,,,,,,,,,,,,,533.959,,3.325,69.596,459.312,1201.399,,,,,,,1.067918,,0.003325,0.069596,1.837248,2.402798,,,,,,,,,0,,,0,0,,,0,,,,0,
,8/1/2018,wet,PMB4,water,15.743846,119.952028,PMB,pmb4,Y,,,,,,,,,,,,,,,583.861,,3.325,95.695,505.599,1608.722,,,,,,,1.167722,,0.003325,0.095695,2.022396,3.217444,,,,,,,,,93.081,,,0,49.969,,,0.093081,,,,0.099938,
,8/1/2018,wet,PMB4,water,15.743846,119.952028,PMB,pmb4,Y,,,,,,,,,,,,,,,905.734,,3.069,91.345,498.478,1514.092,,,,,,,1.811468,,0.003069,0.091345,1.993912,3.028184,,,,,,,,,0,,,0,0,,,0,,,,0,
,9/7/2018,wet,PMB4,water,15.743846,119.952028,PMB,pmb4,Y,,,,,,,,,,,,,,,701.133,,2.302,82.645,576.81,1551.121,,,,,,,1.402266,,0.002302,0.082645,2.30724,3.102242,,,,,,,,,78.978,,,0,45.805,,,0.078978,,,,0.09161,
,10/5/2018,wet,PMB4,water,15.743846,119.952028,PMB,pmb4,Y,,,,,,,,,,,,,,,461.6,,4.092,126.143,505.599,1427.69,,,,,,,0.9232,,0.004092,0.126143,2.022396,2.85538,,,,,,,,3.685,104.364,,,0,48.928,,0.003685,0.104364,,,,0.097856,
,11/2/2018,dry,PMB4,water,15.743846,119.952028,PMB,pmb4,Y,,,,,,,,,,,,,,,656.22,,3.581,104.394,541.205,1625.18,,,,,,,1.31244,,0.003581,0.104394,2.16482,3.25036,,,,,,,,,126.929,,,0,58.297,,,0.126929,,,,0.116594,
,12/7/2018,dry,PMB4,water,15.743846,119.952028,PMB,pmb4,Y,,,,,,,,,,,,,,,698.638,,2.813,104.394,526.962,1567.579,,,,,,,1.397276,,0.002813,0.104394,2.107848,3.135158,,,,,,,,,110.005,,,0,42.682,,,0.110005,,,,0.085364,
,1/11/2019,dry,PMB4,water,15.743846,119.952028,PMB,pmb4,Y,,,,,,,,,,,,,,,788.462,,6.394,121.793,519.841,1608.722,,,,,,,1.576924,,0.006394,0.121793,2.079364,3.217444,,,,,,,,,112.825,,,0,46.846,,,0.112825,,,,0.093692,
,2/1/2019,dry,PMB4,water,15.743846,119.952028,PMB,pmb4,Y,,,,,,,,,,,,,,,616.298,,6.65,121.793,512.72,1608.722,,,,,,,1.232596,,0.00665,0.121793,2.05088,3.217444,,,,,,,,,112.825,,,0,43.723,,,0.112825,,,,0.087446,
,3/8/2019,dry,PMB4,water,15.743846,119.952028,PMB,pmb4,Y,,,,,,,,,,,,,,,840.86,,9.719,156.591,530.523,1658.095,,,,,,,1.68172,,0.009719,0.156591,2.122092,3.31619,,,,,,,,,129.749,,,0,52.051,,,0.129749,,,,0.104102,
,4/19/2019,dry,PMB4,water,15.743846,119.952028,PMB,pmb4,Y,,,,,,,,,,,,,,,783.472,,14.067,160.941,541.205,1641.638,,,,,,,1.566944,,0.014067,0.160941,2.16482,3.283276,,,,,,,,,121.287,,,0,55.174,,,0.121287,,,,0.110348,
,5/24/2019,wet,PMB4,water,15.743846,119.952028,PMB,pmb4,Y,,,,,,,,,,,,,,,703.628,,12.788,156.591,509.16,1616.951,,,,,,,1.407256,,0.012788,0.156591,2.03664,3.233902,,,,,,,,,124.108,,,0,58.297,,,0.124108,,,,0.116594,
,6/15/2019,wet,PMB4,water,15.743846,119.952028,PMB,pmb4,Y,,,,,,,,,,,,,,,593.842,,9.463,134.843,441.509,1711.582,,,,,,,1.187684,,0.009463,0.134843,1.766036,3.423164,,,,,,,,,180.521,,,0,96.814,,,0.180521,,,,0.193628,
,6/16/2019,wet,PMB4,water,15.743846,119.952028,PMB,pmb4,Y,,,,,,,,,,,,,,,3518.14,,11.254,234.887,473.554,1847.357,,,,,,,7.03628,,0.011254,0.234887,1.894216,3.694714,,,,,,,,,191.803,,,0,103.061,,,0.191803,,,,0.206122,
,6/17/2019,wet,PMB4,water,15.743846,119.952028,PMB,pmb4,Y,,,,,,,,,,,,,,,538.949,,6.65,139.192,498.478,1904.958,,,,,,,1.077898,,0.00665,0.139192,1.993912,3.809916,,,,,,,,,183.341,,,0,96.814,,,0.183341,,,,0.193628,
,6/29/2019,wet,PMB4,water,15.743846,119.952028,PMB,pmb4,Y,,,,,,,,,,,,,,,3592.994,,10.742,217.488,737.035,2234.108,,,,,,,7.185988,,0.010742,0.217488,2.94814,4.468216,,,,,,,,,163.597,,,0,87.445,,,0.163597,,,,0.17489,
,6/30/2019,wet,PMB4,water,15.743846,119.952028,PMB,pmb4,Y,,,,,,,,,,,,,,,858.326,,8.184,126.143,512.72,1773.298,,,,,,,1.716652,,0.008184,0.126143,2.05088,3.546596,,,,,,,,,163.597,,,0,86.404,,,0.163597,,,,0.172808,
,7/1/2019,wet,PMB4,water,15.743846,119.952028,PMB,pmb4,Y,,,,,,,,,,,,,,,466.59,,,86.995,868.776,1806.213,,,,,,,0.93318,,,0.086995,3.475104,3.612426,,,,,,,,,101.543,,,0,69.748,,,0.101543,,,,0.139496,
,7/17/2019,wet,PMB4,water,15.743846,119.952028,PMB,pmb4,Y,,,,,,,,,,,,,,,466.59,,10.998,82.645,1085.97,2016.046,,,,,,,0.93318,,0.010998,0.082645,4.34388,4.032092,,,,,,,,,87.44,,,0,38.518,,,0.08744,,,,0.077036,
,7/18/2019,wet,PMB4,water,15.743846,119.952028,PMB,pmb4,Y,,,,,,,,,,,,,,,359.299,,4.86,100.045,566.128,1448.262,,,,,,,0.718598,,0.00486,0.100045,2.264512,2.896524,,,,,,,,,110.005,,,0,42.682,,,0.110005,,,,0.085364,
